축제명,개최년도,축체기간(일),(현지인)방문자수,(외지인)방문자수,(외국인)방문자수,(전체)방문자수,일평균 방문자수,전년도 일평균 방문자수,일평균 방문자수 증감률,(이전)전체방문자,(전체)방문자증감,(현지인)방문자비율,(외지인)방문자비율,(외국인)방문자비율,전년대비방문자증감비율,도,시군구,회계연도,지역명,행사축제명,총비용,사업수익,순원가,시작월,종료월,index
강경젓갈축제,2018,5,50642.0,59291.0,108.0,110041.0,22008.2,,,,110041.0,46.02,53.88,0.1,0.0,충남,논산시,2018.0,충남,강경젓갈축제,825000000.0,183950000.0,641050000.0,10.0,10.0,강경젓갈축제2018
강경젓갈축제,2022,5,57971.0,69910.0,19.0,127900.0,25580.0,22008.2,16.2,110041.0,17859.0,45.33,54.66,0.01,16.23,충남,논산시,2022.0,충남,강경젓갈축제,1003000000.0,0.0,1003000000.0,10.0,10.0,강경젓갈축제2022
강경젓갈축제,2023,4,52282.0,71999.0,18.0,124299.0,31074.75,25580.0,21.5,127900.0,-3601.0,42.06,57.92,0.01,-2.82,충남,논산시,2023.0,충남,강경젓갈축제,1178086190.0,0.0,1178086190.0,10.0,10.0,강경젓갈축제2023
강릉커피축제,2018,5,61368.0,82621.0,279.0,144268.0,28853.6,,,,144268.0,42.54,57.27,0.19,0.0,강원,강릉시,2018.0,강원,강릉커피축제,390445000.0,40000000.0,350445000.0,10.0,10.0,강릉커피축제2018
강릉커피축제,2019,4,98907.0,61246.0,743.0,160896.0,40224.0,28853.6,39.4,144268.0,16628.0,61.47,38.07,0.46,11.53,강원,강릉시,2019.0,강원,강릉커피축제,440000000.0,91000000.0,349000000.0,10.0,10.0,강릉커피축제2019
강릉커피축제,2022,4,144613.0,113950.0,128.0,258691.0,64672.75,40224.0,60.8,160896.0,97795.0,55.9,44.05,0.05,60.78,강원,강릉시,2018.0,강원,강릉커피축제,390445000.0,40000000.0,350445000.0,10.0,10.0,강릉커피축제2022
강릉커피축제,2023,4,170198.0,64362.0,156.0,234716.0,58679.0,64672.75,-9.3,258691.0,-23975.0,72.51,27.42,0.07,-9.27,강원,강릉시,2018.0,강원,강릉커피축제,390445000.0,40000000.0,350445000.0,10.0,10.0,강릉커피축제2023
강진청자축제,2018,7,20025.0,38289.0,316.0,58630.0,8375.7143,,,,58630.0,34.15,65.31,0.54,0.0,전남,강진군,2018.0,전남,강진청자축제,1320000000.0,0.0,1320000000.0,7.0,8.0,강진청자축제2018
강진청자축제,2019,7,20437.0,34432.0,75.0,54944.0,7849.1429,8375.7143,-6.3,58630.0,-3686.0,37.2,62.67,0.14,-6.29,전남,강진군,2019.0,전남,강진청자축제,1265500000.0,0.0,1265500000.0,10.0,10.0,강진청자축제2019
강진청자축제,2023,7,29091.0,54965.0,1.0,84057.0,12008.1429,7849.1429,53.0,54944.0,29113.0,34.61,65.39,0.0,52.99,전남,강진군,2023.0,전남,강진청자축제,949740970.0,0.0,949740970.0,2.0,3.0,강진청자축제2023
고령대가야축제,2018,4,35988.0,43918.0,118.0,80024.0,20006.0,,,,80024.0,44.97,54.88,0.15,0.0,경북,고령군,2018.0,경북,대가야체험축제,1376548000.0,0.0,1376548000.0,4.0,4.0,고령대가야축제2018
고령대가야축제,2019,4,37307.0,54113.0,109.0,91529.0,22882.25,20006.0,14.4,80024.0,11505.0,40.76,59.12,0.12,14.38,경북,고령군,2019.0,경북,대가야체험축제,1250225000.0,0.0,1250225000.0,4.0,4.0,고령대가야축제2019
고령대가야축제,2022,4,38013.0,57655.0,1.0,95669.0,23917.25,22882.25,4.5,91529.0,4140.0,39.73,60.27,0.0,4.52,경북,고령군,,,,,,,,,고령대가야축제2022
고령대가야축제,2023,3,33054.0,55609.0,9.0,88672.0,29557.3333,23917.25,23.6,95669.0,-6997.0,37.28,62.71,0.01,-7.31,경북,고령군,,,,,,,,,고령대가야축제2023
곡성세계장미축제,2018,10,28680.0,286974.0,83.0,315737.0,31573.7,,,,315737.0,9.08,90.89,0.03,0.0,전남,곡성군,2018.0,전남,제8회 곡성세계장미축제,300000000.0,1319292000.0,-1019292000.0,5.0,5.0,곡성세계장미축제2018
곡성세계장미축제,2019,10,30547.0,224771.0,175.0,255493.0,25549.3,31573.7,-19.1,315737.0,-60244.0,11.96,87.98,0.07,-19.08,전남,곡성군,2019.0,전남,제9회 곡성세계장미축제,410000000.0,980650000.0,-570650000.0,5.0,5.0,곡성세계장미축제2019
곡성세계장미축제,2022,17,40689.0,257843.0,9.0,298541.0,17561.2353,25549.3,-31.3,255493.0,43048.0,13.63,86.37,0.0,16.85,전남,곡성군,2022.0,전남,제12회 곡성세계장미축제,820000000.0,0.0,820000000.0,5.0,6.0,곡성세계장미축제2022
곡성세계장미축제,2023,10,35434.0,260955.0,17.0,296406.0,29640.6,17561.2353,68.8,298541.0,-2135.0,11.95,88.04,0.01,-0.72,전남,곡성군,2023.0,전남,제13회 곡성세계장미축제,745000000.0,0.0,745000000.0,5.0,5.0,곡성세계장미축제2023
관악강감찬축제,2019,3,64056.0,49106.0,387.0,113549.0,37849.6667,,,,113549.0,56.41,43.25,0.34,0.0,서울,관악구,2019.0,서울,관악강감찬축제,501226650.0,0.0,501226650.0,10.0,10.0,관악강감찬축제2019
관악강감찬축제,2022,3,87262.0,61107.0,44.0,148413.0,49471.0,37849.6667,30.7,113549.0,34864.0,58.8,41.17,0.03,30.7,서울,관악구,2022.0,서울,관악강감찬축제,520000000.0,0.0,520000000.0,10.0,10.0,관악강감찬축제2022
관악강감찬축제,2023,3,75453.0,60602.0,265.0,136320.0,45440.0,49471.0,-8.1,148413.0,-12093.0,55.35,44.46,0.19,-8.15,서울,관악구,2023.0,서울,관악강감찬축제,570000000.0,110000000.0,460000000.0,10.0,10.0,관악강감찬축제2023
광안리어방축제,2018,3,54801.0,98819.0,691.0,154311.0,51437.0,,,,154311.0,35.51,64.04,0.45,0.0,부산,수영구,2018.0,부산,광안리어방축제,669083900.0,264083903.0,404999997.0,4.0,4.0,광안리어방축제2018
광안리어방축제,2019,3,50017.0,76617.0,770.0,127404.0,42468.0,51437.0,-17.4,154311.0,-26907.0,39.26,60.14,0.6,-17.44,부산,수영구,2019.0,부산,광안리어방축제,726262270.0,221262270.0,505000000.0,4.0,4.0,광안리어방축제2019
광안리어방축제,2022,3,68438.0,104937.0,189.0,173564.0,57854.6667,42468.0,36.2,127404.0,46160.0,39.43,60.46,0.11,36.23,부산,수영구,2022.0,부산,광안리어방축제,775000000.0,75000000.0,700000000.0,10.0,10.0,광안리어방축제2022
광안리어방축제,2023,3,64075.0,115398.0,338.0,179811.0,59937.0,57854.6667,3.6,173564.0,6247.0,35.63,64.18,0.19,3.6,부산,수영구,2023.0,부산,광안리어방축제,1075000000.0,75000000.0,1000000000.0,5.0,5.0,광안리어방축제2023
광주김치축제,2018,4,48686.0,33154.0,57.0,81897.0,20474.25,,,,81897.0,59.45,40.48,0.07,0.0,광주,서구,2018.0,광주,광주세계김치축제,896642900.0,0.0,896642900.0,10.0,10.0,광주김치축제2018
광주김치축제,2019,3,40874.0,29360.0,51.0,70285.0,23428.3333,20474.25,14.4,81897.0,-11612.0,58.15,41.77,0.07,-14.18,광주,서구,2019.0,광주,광주세계김치축제,1133952100.0,0.0,1133952100.0,10.0,10.0,광주김치축제2019
광주김치축제,2022,4,159300.0,170000.0,38.0,329338.0,82334.5,23428.3333,251.4,70285.0,259053.0,48.37,51.62,0.01,368.58,광주,서구,2022.0,광주,광주세계김치축제,1013233150.0,0.0,1013233150.0,10.0,10.0,광주김치축제2022
광주김치축제,2023,4,148203.0,160224.0,436.0,308863.0,77215.75,82334.5,-6.2,329338.0,-20475.0,47.98,51.88,0.14,-6.22,광주,서구,2023.0,광주,광주세계김치축제,1163876000.0,0.0,1163876000.0,11.0,11.0,광주김치축제2023
괴산고추축제,2018,4,38254.0,53578.0,75.0,91907.0,22976.75,,,,91907.0,41.62,58.3,0.08,0.0,충북,괴산군,2018.0,충북,괴산고추축제,0.0,0.0,0.0,8.0,9.0,괴산고추축제2018
괴산고추축제,2019,4,39975.0,70971.0,152.0,111098.0,27774.5,22976.75,20.9,91907.0,19191.0,35.98,63.88,0.14,20.88,충북,괴산군,2019.0,충북,괴산고추축제,991815790.0,0.0,991815790.0,8.0,9.0,괴산고추축제2019
괴산고추축제,2022,4,50340.0,61335.0,9.0,111684.0,27921.0,27774.5,0.5,111098.0,586.0,45.07,54.92,0.01,0.53,충북,괴산군,2022.0,충북,괴산고추축제,1129331000.0,0.0,1129331000.0,9.0,9.0,괴산고추축제2022
괴산고추축제,2023,4,52928.0,79873.0,58.0,132859.0,33214.75,27921.0,19.0,111684.0,21175.0,39.84,60.12,0.04,18.96,충북,괴산군,2023.0,충북,괴산고추축제,1140000000.0,0.0,1140000000.0,8.0,9.0,괴산고추축제2023
군산시간여행축제,2018,3,93059.0,36403.0,90.0,129552.0,43184.0,,,,129552.0,71.83,28.1,0.07,0.0,전북,군산시,2018.0,전북,군산시간여행축제,653087850.0,50000000.0,603087850.0,9.0,9.0,군산시간여행축제2018
군산시간여행축제,2019,3,90067.0,53838.0,72.0,143977.0,47992.3333,43184.0,11.1,129552.0,14425.0,62.56,37.39,0.05,11.13,전북,군산시,2019.0,전북,군산시간여행축제,637788680.0,30000000.0,607788680.0,10.0,10.0,군산시간여행축제2019
군산시간여행축제,2022,4,134175.0,76724.0,42.0,210941.0,52735.25,47992.3333,9.9,143977.0,66964.0,63.61,36.37,0.02,46.51,전북,군산시,2022.0,전북,군산시간여행축제,817596300.0,70000000.0,747596300.0,10.0,10.0,군산시간여행축제2022
군산시간여행축제,2023,4,179570.0,75490.0,135.0,255195.0,63798.75,52735.25,21.0,210941.0,44254.0,70.37,29.58,0.05,20.98,전북,군산시,2023.0,전북,군산시간여행축제,880673950.0,70000000.0,810673950.0,10.0,10.0,군산시간여행축제2023
금산인삼축제,2018,10,215278.0,224894.0,443.0,440615.0,44061.5,,,,440615.0,48.86,51.04,0.1,0.0,충남,금산군,2018.0,충남,금산인삼축제,2124975949.0,0.0,2124975949.0,10.0,10.0,금산인삼축제2018
금산인삼축제,2019,10,232728.0,225600.0,2305.0,460633.0,46063.3,44061.5,4.5,440615.0,20018.0,50.52,48.98,0.5,4.54,충남,금산군,2018.0,충남,금산인삼축제,2124975949.0,0.0,2124975949.0,10.0,10.0,금산인삼축제2019
금산인삼축제,2022,11,300315.0,267140.0,56.0,567511.0,51591.9091,46063.3,12.0,460633.0,106878.0,52.92,47.07,0.01,23.2,충남,금산군,2022.0,충남,금산인삼축제,2500000000.0,0.0,2500000000.0,9.0,10.0,금산인삼축제2022
금산인삼축제,2023,10,297531.0,253536.0,432.0,551499.0,55149.9,51591.9091,6.9,567511.0,-16012.0,53.95,45.97,0.08,-2.82,충남,금산군,2023.0,충남,금산인삼축제,3500000000.0,0.0,3500000000.0,10.0,10.0,금산인삼축제2023
금호강바람소리길축제,2019,2,55369.0,54782.0,398.0,110549.0,55274.5,,,,110549.0,50.09,49.55,0.36,0.0,대구,대구,2022.0,대구,금호강 바람소리길 축제,319564360.0,0.0,319564360.0,9.0,9.0,금호강바람소리길축제2019
금호강바람소리길축제,2022,2,59401.0,69725.0,14.0,129140.0,64570.0,55274.5,16.8,110549.0,18591.0,46.0,53.99,0.01,16.82,대구,대구,2022.0,대구,금호강 바람소리길 축제,319564360.0,0.0,319564360.0,9.0,9.0,금호강바람소리길축제2022
금호강바람소리길축제,2023,3,97531.0,102436.0,152.0,200119.0,66706.3333,64570.0,3.3,129140.0,70979.0,48.74,51.19,0.08,54.96,대구,대구,2023.0,대구,금호강 바람소리길 축제,469442320.0,0.0,469442320.0,9.0,9.0,금호강바람소리길축제2023
김제지평선축제,2018,5,43630.0,69298.0,336.0,113264.0,22652.8,,,,113264.0,38.52,61.18,0.3,0.0,전북,김제시,2018.0,전북,김제지평선축제,1999700000.0,30000000.0,1969700000.0,10.0,10.0,김제지평선축제2018
김제지평선축제,2019,10,71992.0,112269.0,193.0,184454.0,18445.4,22652.8,-18.6,113264.0,71190.0,39.03,60.87,0.1,62.85,전북,김제시,2019.0,전북,김제지평선축제,2299000000.0,0.0,2299000000.0,9.0,10.0,김제지평선축제2019
김제지평선축제,2022,5,59096.0,89065.0,6.0,148167.0,29633.4,18445.4,60.7,184454.0,-36287.0,39.88,60.11,0.0,-19.67,전북,김제시,2022.0,전북,김제지평선축제,2069839350.0,0.0,2069839350.0,9.0,10.0,김제지평선축제2022
김제지평선축제,2023,5,57094.0,89480.0,77.0,146651.0,29330.2,29633.4,-1.0,148167.0,-1516.0,38.93,61.02,0.05,-1.02,전북,김제시,2023.0,전북,김제지평선축제,2034103760.0,0.0,2034103760.0,10.0,10.0,김제지평선축제2023
김해분청도자기축제,2018,10,90070.0,64702.0,288.0,155060.0,15506.0,,,,155060.0,58.09,41.73,0.19,0.0,경남,김해시,2018.0,경남,김해분청도자기축제,363307500.0,0.0,363307500.0,10.0,10.0,김해분청도자기축제2018
김해분청도자기축제,2019,10,69983.0,41811.0,321.0,112115.0,11211.5,15506.0,-27.7,155060.0,-42945.0,62.42,37.29,0.29,-27.7,경남,김해시,2018.0,경남,김해분청도자기축제,363307500.0,0.0,363307500.0,10.0,10.0,김해분청도자기축제2019
김해분청도자기축제,2022,10,115497.0,67566.0,26.0,183089.0,18308.9,11211.5,63.3,112115.0,70974.0,63.08,36.9,0.01,63.3,경남,김해시,2022.0,경남,김해분청도자기축제,381290000.0,0.0,381290000.0,10.0,10.0,김해분청도자기축제2022
김해분청도자기축제,2023,10,107345.0,57788.0,147.0,165280.0,16528.0,18308.9,-9.7,183089.0,-17809.0,64.95,34.96,0.09,-9.73,경남,김해시,2023.0,경남,김해분청도자기축제,386209830.0,20000000.0,366209830.0,10.0,10.0,김해분청도자기축제2023
남원춘향제,2018,5,40355.0,44830.0,42.0,85227.0,17045.4,,,,85227.0,47.35,52.6,0.05,0.0,전북,남원시,2018.0,전북,춘향제,1265844820.0,550000000.0,715844820.0,5.0,5.0,남원춘향제2018
남원춘향제,2019,5,42233.0,35639.0,64.0,77936.0,15587.2,17045.4,-8.6,85227.0,-7291.0,54.19,45.73,0.08,-8.55,전북,남원시,2019.0,전북,춘향제,1212000000.0,310000000.0,902000000.0,5.0,5.0,남원춘향제2019
남원춘향제,2022,5,59276.0,51267.0,3.0,110546.0,22109.2,15587.2,41.8,77936.0,32610.0,53.62,46.38,0.0,41.84,전북,남원시,2022.0,전북,춘향제,975658000.0,0.0,975658000.0,5.0,5.0,남원춘향제2022
남원춘향제,2023,5,70626.0,63884.0,25.0,134535.0,26907.0,22109.2,21.7,110546.0,23989.0,52.5,47.49,0.02,21.7,전북,남원시,2023.0,전북,춘향제,1879723670.0,0.0,1879723670.0,5.0,5.0,남원춘향제2023
담양대나무축제,2018,6,73102.0,166564.0,290.0,239956.0,39992.6667,,,,239956.0,30.46,69.41,0.12,0.0,전남,담양군,2018.0,전남,담양대나무축제,709129900.0,20000000.0,689129900.0,5.0,5.0,담양대나무축제2018
담양대나무축제,2019,6,77130.0,208406.0,398.0,285934.0,47655.6667,39992.6667,19.2,239956.0,45978.0,26.97,72.89,0.14,19.16,전남,담양군,2019.0,전남,담양대나무축제,734250000.0,170000000.0,564250000.0,5.0,5.0,담양대나무축제2019
담양대나무축제,2023,5,85117.0,126686.0,25.0,211828.0,42365.6,47655.6667,-11.1,285934.0,-74106.0,40.18,59.81,0.01,-25.92,전남,담양군,2023.0,전남,담양대나무축제,600000000.0,0.0,600000000.0,5.0,5.0,담양대나무축제2023
대구약령시한방문화축제,2018,5,68570.0,222713.0,549.0,291832.0,58366.4,,,,291832.0,23.5,76.32,0.19,0.0,대구,대구,,,,,,,,,대구약령시한방문화축제2018
대구약령시한방문화축제,2019,5,70912.0,234411.0,2371.0,307694.0,61538.8,58366.4,5.4,291832.0,15862.0,23.05,76.18,0.77,5.44,대구,대구,,,,,,,,,대구약령시한방문화축제2019
대구약령시한방문화축제,2022,5,57047.0,181569.0,57.0,238673.0,47734.6,61538.8,-22.4,307694.0,-69021.0,23.9,76.07,0.02,-22.43,대구,대구,2023.0,대구,약령시한방문화축제,20000000.0,0.0,20000000.0,5.0,5.0,대구약령시한방문화축제2022
대구약령시한방문화축제,2023,3,31703.0,106142.0,265.0,138110.0,46036.6667,47734.6,-3.6,238673.0,-100563.0,22.95,76.85,0.19,-42.13,대구,대구,2023.0,대구,약령시한방문화축제,20000000.0,0.0,20000000.0,5.0,5.0,대구약령시한방문화축제2023
대구치맥페스티벌,2018,5,105973.0,147276.0,467.0,253716.0,50743.2,,,,253716.0,41.77,58.05,0.18,0.0,대구,대구,2018.0,대구,대구치맥페스티벌,1848087691.0,0.0,1848087691.0,7.0,7.0,대구치맥페스티벌2018
대구치맥페스티벌,2019,5,108254.0,140051.0,962.0,249267.0,49853.4,50743.2,-1.8,253716.0,-4449.0,43.43,56.19,0.39,-1.75,대구,대구,2019.0,대구,대구치맥페스티벌,1911879081.0,70000000.0,1841879081.0,7.0,7.0,대구치맥페스티벌2019
대구치맥페스티벌,2022,5,85961.0,141431.0,12.0,227404.0,45480.8,49853.4,-8.8,249267.0,-21863.0,37.8,62.19,0.01,-8.77,대구,대구,2022.0,대구,대구치맥페스티벌,2182259481.0,30000000.0,2152259481.0,7.0,7.0,대구치맥페스티벌2022
대구치맥페스티벌,2023,5,96663.0,130011.0,359.0,227033.0,45406.6,45480.8,-0.2,227404.0,-371.0,42.58,57.27,0.16,-0.16,대구,대구,2023.0,대구,대구치맥페스티벌,12420856644.0,0.0,12420856644.0,8.0,9.0,대구치맥페스티벌2023
대전사이언스페스티벌,2018,4,111622.0,68855.0,828.0,181305.0,45326.25,,,,181305.0,61.57,37.98,0.46,0.0,대전,유성구,2018.0,대전,대전사이언스페스티벌,1215000000.0,15000000.0,1200000000.0,10.0,10.0,대전사이언스페스티벌2018
대전사이언스페스티벌,2019,4,106341.0,64139.0,355.0,170835.0,42708.75,45326.25,-5.8,181305.0,-10470.0,62.25,37.54,0.21,-5.77,대전,유성구,2019.0,대전,대전사이언스페스티벌,1160000000.0,15000000.0,1145000000.0,10.0,10.0,대전사이언스페스티벌2019
대전사이언스페스티벌,2022,4,121807.0,89456.0,59.0,211322.0,52830.5,42708.75,23.7,170835.0,40487.0,57.64,42.33,0.03,23.7,대전,유성구,2022.0,대전,대전사이언스페스티벌,1160000000.0,0.0,1160000000.0,10.0,10.0,대전사이언스페스티벌2022
대전사이언스페스티벌,2023,3,88731.0,77886.0,134.0,166751.0,55583.6667,52830.5,5.2,211322.0,-44571.0,53.21,46.71,0.08,-21.09,대전,유성구,2023.0,대전,대전사이언스페스티벌,1500000000.0,0.0,1500000000.0,10.0,10.0,대전사이언스페스티벌2023
대전효문화뿌리축제,2018,3,56648.0,57160.0,46.0,113854.0,37951.3333,,,,113854.0,49.75,50.2,0.04,0.0,대전,중구,2018.0,대전,효문화 뿌리축제,829284800.0,130000000.0,699284800.0,10.0,10.0,대전효문화뿌리축제2018
대전효문화뿌리축제,2019,3,65601.0,85582.0,501.0,151684.0,50561.3333,37951.3333,33.2,113854.0,37830.0,43.25,56.42,0.33,33.23,대전,중구,2019.0,대전,효문화 뿌리축제,799324450.0,30000000.0,769324450.0,9.0,9.0,대전효문화뿌리축제2019
대전효문화뿌리축제,2022,3,56474.0,69078.0,13.0,125565.0,41855.0,50561.3333,-17.2,151684.0,-26119.0,44.98,55.01,0.01,-17.22,대전,중구,2022.0,대전,대전효문화뿌리축제,815996600.0,16000000.0,799996600.0,10.0,10.0,대전효문화뿌리축제2022
대전효문화뿌리축제,2023,3,50972.0,73515.0,55.0,124542.0,41514.0,41855.0,-0.8,125565.0,-1023.0,40.93,59.03,0.04,-0.81,대전,중구,2023.0,대전,대전효문화뿌리축제,1192258000.0,300000000.0,892258000.0,10.0,10.0,대전효문화뿌리축제2023
동래읍성역사축제,2018,3,96887.0,105153.0,122.0,202162.0,67387.3333,,,,202162.0,47.93,52.01,0.06,0.0,부산,동래구,2018.0,부산,동래읍성역사축제,485000000.0,145000000.0,340000000.0,10.0,10.0,동래읍성역사축제2018
동래읍성역사축제,2019,3,104103.0,110827.0,184.0,215114.0,71704.6667,67387.3333,6.4,202162.0,12952.0,48.39,51.52,0.09,6.41,부산,동래구,2019.0,부산,동래읍성역사축제,446460000.0,45000000.0,401460000.0,10.0,10.0,동래읍성역사축제2019
동래읍성역사축제,2022,3,116630.0,100134.0,10.0,216774.0,72258.0,71704.6667,0.8,215114.0,1660.0,53.8,46.19,0.0,0.77,부산,동래구,2022.0,부산,동래읍성역사축제,585438000.0,64000000.0,521438000.0,10.0,10.0,동래읍성역사축제2022
동래읍성역사축제,2023,3,109390.0,86849.0,113.0,196352.0,65450.6667,72258.0,-9.4,216774.0,-20422.0,55.71,44.23,0.06,-9.42,부산,동래구,2023.0,부산,동래읍성역사축제,631264000.0,0.0,631264000.0,10.0,10.0,동래읍성역사축제2023
목포항구축제,2018,3,24801.0,26414.0,43.0,51258.0,17086.0,,,,51258.0,48.38,51.53,0.08,0.0,전남,목포시,2018.0,전남,목포항구축제,602750000.0,80000000.0,522750000.0,10.0,10.0,목포항구축제2018
목포항구축제,2019,4,42719.0,46874.0,54.0,89647.0,22411.75,17086.0,31.2,51258.0,38389.0,47.65,52.29,0.06,74.89,전남,목포시,2019.0,전남,목포항구축제,615000000.0,30000000.0,585000000.0,10.0,10.0,목포항구축제2019
목포항구축제,2022,3,48985.0,48174.0,7.0,97166.0,32388.6667,22411.75,44.5,89647.0,7519.0,50.41,49.58,0.01,8.39,전남,목포시,2022.0,전남,목포항구축제,797501000.0,0.0,797501000.0,10.0,10.0,목포항구축제2022
목포항구축제,2023,3,40189.0,43629.0,88.0,83906.0,27968.6667,32388.6667,-13.6,97166.0,-13260.0,47.9,52.0,0.1,-13.65,전남,목포시,2023.0,전남,목포항구축제,968421400.0,677894980.0,290526420.0,10.0,10.0,목포항구축제2023
무주반딧불축제,2018,9,78309.0,99007.0,180.0,177496.0,19721.7778,,,,177496.0,44.12,55.78,0.1,0.0,전북,무주군,2018.0,전북,무주반딧불축제,2849963580.0,410000000.0,2439963580.0,9.0,9.0,무주반딧불축제2018
무주반딧불축제,2019,9,75086.0,70230.0,86.0,145402.0,16155.7778,19721.7778,-18.1,177496.0,-32094.0,51.64,48.3,0.06,-18.08,전북,무주군,2019.0,전북,무주반딧불축제,2376270290.0,0.0,2376270290.0,8.0,9.0,무주반딧불축제2019
무주반딧불축제,2022,9,85965.0,88057.0,2.0,174024.0,19336.0,16155.7778,19.7,145402.0,28622.0,49.4,50.6,0.0,19.68,전북,무주군,2022.0,전북,무주반딧불축제,2199319210.0,0.0,2199319210.0,8.0,9.0,무주반딧불축제2022
무주반딧불축제,2023,9,87064.0,120005.0,93.0,207162.0,23018.0,19336.0,19.0,174024.0,33138.0,42.03,57.93,0.04,19.04,전북,무주군,2023.0,전북,무주반딧불축제,2199319210.0,0.0,2199319210.0,9.0,9.0,무주반딧불축제2023
문경찻사발축제,2018,10,48486.0,126086.0,258.0,174830.0,17483.0,,,,174830.0,27.73,72.12,0.15,0.0,경북,문경시,2018.0,경북,문경전통찻사발축제,1123725000.0,1000000000.0,123725000.0,4.0,5.0,문경찻사발축제2018
문경찻사발축제,2019,10,48092.0,121642.0,178.0,169912.0,16991.2,17483.0,-2.8,174830.0,-4918.0,28.3,71.59,0.1,-2.81,경북,문경시,2019.0,경북,문경전통찻사발축제,1180000000.0,940000000.0,240000000.0,4.0,5.0,문경찻사발축제2019
문경찻사발축제,2022,9,49408.0,117671.0,6.0,167085.0,18565.0,16991.2,9.3,169912.0,-2827.0,29.57,70.43,0.0,-1.66,경북,문경시,2022.0,경북,문경찻사발축제,1060162640.0,0.0,1060162640.0,4.0,5.0,문경찻사발축제2022
문경찻사발축제,2023,9,59726.0,146531.0,102.0,206359.0,22928.7778,18565.0,23.5,167085.0,39274.0,28.94,71.01,0.05,23.51,경북,문경시,2023.0,경북,문경찻사발축제,1500000000.0,79456933.0,1420543067.0,4.0,5.0,문경찻사발축제2023
밀양아리랑대축제,2018,4,82638.0,31585.0,35.0,114258.0,28564.5,,,,114258.0,72.33,27.64,0.03,0.0,경남,밀양시,2018.0,경남,밀양아리랑대축제,2115391460.0,120000000.0,1995391460.0,5.0,5.0,밀양아리랑대축제2018
밀양아리랑대축제,2019,4,81580.0,30527.0,14.0,112121.0,28030.25,28564.5,-1.9,114258.0,-2137.0,72.76,27.23,0.01,-1.87,경남,밀양시,2019.0,경남,밀양아리랑대축제,2217352000.0,0.0,2217352000.0,5.0,5.0,밀양아리랑대축제2019
밀양아리랑대축제,2022,4,101733.0,35483.0,3.0,137219.0,34304.75,28030.25,22.4,112121.0,25098.0,74.14,25.86,0.0,22.38,경남,밀양시,2022.0,경남,밀양아리랑대축제,2160000000.0,210000000.0,1950000000.0,9.0,9.0,밀양아리랑대축제2022
밀양아리랑대축제,2023,4,104343.0,37401.0,19.0,141763.0,35440.75,34304.75,3.3,137219.0,4544.0,73.6,26.38,0.01,3.31,경남,밀양시,2023.0,경남,밀양아리랑대축제,2200000000.0,0.0,2200000000.0,5.0,5.0,밀양아리랑대축제2023
보령머드축제,2018,10,122151.0,338694.0,1467.0,462312.0,46231.2,,,,462312.0,26.42,73.26,0.32,0.0,충남,보령시,2018.0,충남,보령머드축제,2852869000.0,0.0,2852869000.0,7.0,7.0,보령머드축제2018
보령머드축제,2019,10,117284.0,325715.0,1811.0,444810.0,44481.0,46231.2,-3.8,462312.0,-17502.0,26.37,73.23,0.41,-3.79,충남,보령시,2019.0,충남,보령머드축제,2892180000.0,0.0,2892180000.0,7.0,7.0,보령머드축제2019
보령머드축제,2022,31,449549.0,1213604.0,456.0,1663609.0,53664.8065,44481.0,20.6,444810.0,1218799.0,27.02,72.95,0.03,274.0,충남,보령시,2022.0,충남,보령머드축제,4542217000.0,0.0,4542217000.0,7.0,8.0,보령머드축제2022
보령머드축제,2023,17,225506.0,614824.0,1660.0,841990.0,49528.8235,53664.8065,-7.7,1663609.0,-821619.0,26.78,73.02,0.2,-49.39,충남,보령시,2023.0,충남,보령머드축제,4578328000.0,459537000.0,4118791000.0,7.0,8.0,보령머드축제2023
보성다향대축제,2018,5,35116.0,44564.0,153.0,79833.0,15966.6,,,,79833.0,43.99,55.82,0.19,0.0,전남,보성군,2018.0,전남,보성다향대축제,680000000.0,0.0,680000000.0,5.0,5.0,보성다향대축제2018
보성다향대축제,2019,5,39497.0,60576.0,280.0,100353.0,20070.6,15966.6,25.7,79833.0,20520.0,39.36,60.36,0.28,25.7,전남,보성군,2019.0,전남,보성다향대축제,870000000.0,0.0,870000000.0,5.0,5.0,보성다향대축제2019
보성다향대축제,2023,9,84619.0,95324.0,91.0,180034.0,20003.7778,20070.6,-0.3,100353.0,79681.0,47.0,52.95,0.05,79.4,전남,보성군,2023.0,전남,보성다향대축제,929003170.0,0.0,929003170.0,4.0,5.0,보성다향대축제2023
봉화은어축제,2018,8,57928.0,97542.0,73.0,155543.0,19442.875,,,,155543.0,37.24,62.71,0.05,0.0,경북,봉화군,2018.0,경북,봉화은어축제,1475114560.0,0.0,1475114560.0,7.0,8.0,봉화은어축제2018
봉화은어축제,2019,9,70603.0,131580.0,167.0,202350.0,22483.3333,19442.875,15.6,155543.0,46807.0,34.89,65.03,0.08,30.09,경북,봉화군,2019.0,경북,봉화은어축제,2031275630.0,0.0,2031275630.0,7.0,8.0,봉화은어축제2019
봉화은어축제,2022,9,70602.0,113172.0,7.0,183781.0,20420.1111,22483.3333,-9.2,202350.0,-18569.0,38.42,61.58,0.0,-9.18,경북,봉화군,2022.0,경북,봉화은어축제,1660122016.0,0.0,1660122016.0,7.0,8.0,봉화은어축제2022
부안마실축제,2018,3,56458.0,61192.0,47.0,117697.0,39232.3333,,,,117697.0,47.97,51.99,0.04,0.0,전북,부안군,2018.0,전북,부안마실축제,886684960.0,190000000.0,696684960.0,5.0,5.0,부안마실축제2018
부안마실축제,2019,3,59555.0,65809.0,221.0,125585.0,41861.6667,39232.3333,6.7,117697.0,7888.0,47.42,52.4,0.18,6.7,전북,부안군,2019.0,전북,부안마실축제,906075000.0,205000000.0,701075000.0,5.0,5.0,부안마실축제2019
부안마실축제,2022,27,478322.0,144371.0,59.0,622752.0,23064.8889,41861.6667,-44.9,125585.0,497167.0,76.81,23.18,0.01,395.88,전북,부안군,2023.0,전북,부안마실축제,1090204320.0,200000000.0,890204320.0,5.0,5.0,부안마실축제2022
부안마실축제,2023,3,67163.0,36567.0,8.0,103738.0,34579.3333,23064.8889,49.9,622752.0,-519014.0,64.74,35.25,0.01,-83.34,전북,부안군,2023.0,전북,부안마실축제,1090204320.0,200000000.0,890204320.0,5.0,5.0,부안마실축제2023
부천국제만화축제,2019,5,351816.0,275942.0,1239.0,628997.0,125799.4,,,,628997.0,55.93,43.87,0.2,0.0,경기,부천시,2019.0,경기,부천국제만화축제,724273000.0,55000000.0,669273000.0,8.0,8.0,부천국제만화축제2019
부천국제만화축제,2022,4,326099.0,171386.0,103.0,497588.0,124397.0,125799.4,-1.1,628997.0,-131409.0,65.54,34.44,0.02,-20.89,경기,부천시,2022.0,경기,부천국제만화축제,494486717.0,80000000.0,414486717.0,9.0,10.0,부천국제만화축제2022
부천국제만화축제,2023,4,325375.0,156454.0,481.0,482310.0,120577.5,124397.0,-3.1,497588.0,-15278.0,67.46,32.44,0.1,-3.07,경기,부천시,2023.0,경기,부천국제만화축제,680039619.0,100000000.0,580039619.0,9.0,9.0,부천국제만화축제2023
부평풍물대축제,2018,3,148214.0,127463.0,543.0,276220.0,92073.3333,,,,276220.0,53.66,46.15,0.2,0.0,인천,부평구,2018.0,인천,부평풍물대축제,625851010.0,0.0,625851010.0,10.0,10.0,부평풍물대축제2018
부평풍물대축제,2022,3,155859.0,115042.0,153.0,271054.0,90351.3333,92073.3333,-1.9,276220.0,-5166.0,57.5,42.44,0.06,-1.87,인천,부평구,2022.0,인천,부평풍물대축제,599488840.0,200000000.0,399488840.0,9.0,10.0,부평풍물대축제2022
부평풍물대축제,2023,3,143757.0,115587.0,284.0,259628.0,86542.6667,90351.3333,-4.2,271054.0,-11426.0,55.37,44.52,0.11,-4.22,인천,부평구,2023.0,인천,부평풍물대축제,703710000.0,200000000.0,503710000.0,9.0,9.0,부평풍물대축제2023
산청한방약초축제,2018,12,28143.0,58344.0,399.0,86886.0,7240.5,,,,86886.0,32.39,67.15,0.46,0.0,경남,산청군,2018.0,경남,산청한방약초축제,2034511832.0,400000000.0,1634511832.0,9.0,10.0,산청한방약초축제2018
산청한방약초축제,2019,13,29375.0,58742.0,277.0,88394.0,6799.5385,7240.5,-6.1,86886.0,1508.0,33.23,66.45,0.31,1.74,경남,산청군,2019.0,경남,산청한방약초축제,2167000000.0,467000000.0,1700000000.0,9.0,10.0,산청한방약초축제2019
산청한방약초축제,2022,11,37706.0,87599.0,6.0,125311.0,11391.9091,6799.5385,67.5,88394.0,36917.0,30.09,69.91,0.0,41.76,경남,산청군,2022.0,경남,산청한방약초축제,2394390740.0,120000000.0,2274390740.0,9.0,10.0,산청한방약초축제2022
산청한방약초축제,2023,5,18100.0,53122.0,62.0,71284.0,14256.8,11391.9091,25.1,125311.0,-54027.0,25.39,74.52,0.09,-43.11,경남,산청군,2023.0,경남,산청한방약초축제,2840643500.0,56216880.0,2784426620.0,10.0,10.0,산청한방약초축제2023
서산해미읍성축제,2018,3,42045.0,44467.0,69.0,86581.0,28860.3333,,,,86581.0,48.56,51.36,0.08,0.0,충남,서산시,2018.0,충남,서산해미읍성축제,880000000.0,0.0,880000000.0,10.0,10.0,서산해미읍성축제2018
서산해미읍성축제,2019,3,41976.0,56389.0,45.0,98410.0,32803.3333,28860.3333,13.7,86581.0,11829.0,42.65,57.3,0.05,13.66,충남,서산시,2019.0,충남,서산해미읍성축제,900000000.0,0.0,900000000.0,10.0,10.0,서산해미읍성축제2019
서산해미읍성축제,2022,3,41519.0,44649.0,20.0,86188.0,28729.3333,32803.3333,-12.4,98410.0,-12222.0,48.17,51.8,0.02,-12.42,충남,서산시,2022.0,충남,서산해미읍성축제,1114648150.0,0.0,1114648150.0,10.0,10.0,서산해미읍성축제2022
서산해미읍성축제,2023,3,43239.0,46942.0,40.0,90221.0,30073.6667,28729.3333,4.7,86188.0,4033.0,47.93,52.03,0.04,4.68,충남,서산시,2023.0,충남,서산해미읍성축제,1643717000.0,0.0,1643717000.0,10.0,10.0,서산해미읍성축제2023
석장리세계구석기축제,2018,4,27628.0,39349.0,14.0,66991.0,16747.75,,,,66991.0,41.24,58.74,0.02,0.0,충남,공주시,2018.0,충남,석장리 구석기 축제,700000000.0,127567000.0,572433000.0,5.0,5.0,석장리세계구석기축제2018
석장리세계구석기축제,2019,4,34880.0,52960.0,12.0,87852.0,21963.0,16747.75,31.1,66991.0,20861.0,39.7,60.28,0.01,31.14,충남,공주시,2019.0,충남,석장리 구석기 축제,600000000.0,119970187.0,480029813.0,5.0,5.0,석장리세계구석기축제2019
석장리세계구석기축제,2022,4,37608.0,39184.0,2.0,76794.0,19198.5,21963.0,-12.6,87852.0,-11058.0,48.97,51.02,0.0,-12.59,충남,공주시,2022.0,충남,석장리 구석기 축제,1075376710.0,45243078.0,1030133632.0,5.0,5.0,석장리세계구석기축제2022
석장리세계구석기축제,2023,3,30681.0,23278.0,10.0,53969.0,17989.6667,19198.5,-6.3,76794.0,-22825.0,56.85,43.13,0.02,-29.72,충남,공주시,2023.0,충남,석장리 구석기 축제,1022123400.0,0.0,1022123400.0,5.0,5.0,석장리세계구석기축제2023
세종축제,2018,3,62888.0,27316.0,51.0,90255.0,30085.0,,,,90255.0,69.68,30.27,0.06,0.0,세종시,세종시,2018.0,세종,세종축제,1209879720.0,0.0,1209879720.0,10.0,10.0,세종축제2018
세종축제,2019,5,161641.0,56106.0,175.0,217922.0,43584.4,30085.0,44.9,90255.0,127667.0,74.17,25.75,0.08,141.45,세종시,세종시,2019.0,세종,세종축제,1000000000.0,0.0,1000000000.0,10.0,10.0,세종축제2019
세종축제,2022,4,130440.0,66508.0,22.0,196970.0,49242.5,43584.4,13.0,217922.0,-20952.0,66.22,33.77,0.01,-9.61,세종시,세종시,2022.0,세종,세종축제,899634000.0,0.0,899634000.0,10.0,10.0,세종축제2022
세종축제,2023,4,123830.0,62219.0,45.0,186094.0,46523.5,49242.5,-5.5,196970.0,-10876.0,66.54,33.43,0.02,-5.52,세종시,세종시,2023.0,세종,세종축제,1169405000.0,0.0,1169405000.0,10.0,10.0,세종축제2023
소래포구축제,2018,3,90723.0,60220.0,489.0,151432.0,50477.3333,,,,151432.0,59.91,39.77,0.32,0.0,인천,남동구,2018.0,인천,소래포구축제,459839410.0,0.0,459839410.0,10.0,10.0,소래포구축제2018
소래포구축제,2022,3,85990.0,50898.0,124.0,137012.0,45670.6667,50477.3333,-9.5,151432.0,-14420.0,62.76,37.15,0.09,-9.52,인천,남동구,2022.0,인천,소래포구축제,678471590.0,100000000.0,578471590.0,10.0,10.0,소래포구축제2022
소래포구축제,2023,3,91933.0,60127.0,290.0,152350.0,50783.3333,45670.6667,11.2,137012.0,15338.0,60.34,39.47,0.19,11.19,인천,남동구,2023.0,인천,소래포구축제,628646970.0,29315510.0,599331460.0,9.0,9.0,소래포구축제2023
수성못페스티벌,2018,3,107064.0,116196.0,192.0,223452.0,74484.0,,,,223452.0,47.91,52.0,0.09,0.0,대구,대구,2019.0,대구,수성못 페스티벌,304927540.0,0.0,304927540.0,9.0,9.0,수성못페스티벌2018
수성못페스티벌,2019,3,102343.0,116830.0,289.0,219462.0,73154.0,74484.0,-1.8,223452.0,-3990.0,46.63,53.23,0.13,-1.79,대구,대구,2019.0,대구,수성못 페스티벌,304927540.0,0.0,304927540.0,9.0,9.0,수성못페스티벌2019
수성못페스티벌,2022,3,119484.0,140629.0,28.0,260141.0,86713.6667,73154.0,18.5,219462.0,40679.0,45.93,54.06,0.01,18.54,대구,대구,2022.0,대구,수성못 페스티벌,362149119.0,0.0,362149119.0,9.0,9.0,수성못페스티벌2022
수성못페스티벌,2023,3,107473.0,115723.0,170.0,223366.0,74455.3333,86713.6667,-14.1,260141.0,-36775.0,48.12,51.81,0.08,-14.14,대구,대구,2023.0,대구,수성못 페스티벌,436612280.0,10000000.0,426612280.0,9.0,9.0,수성못페스티벌2023
수원화성문화제,2018,3,49361.0,123877.0,1327.0,174565.0,58188.3333,,,,174565.0,28.28,70.96,0.76,0.0,경기,수원시,2018.0,경기,수원화성문화제,1626876470.0,123904090.0,1502972380.0,10.0,10.0,수원화성문화제2018
수원화성문화제,2019,4,63144.0,185079.0,1909.0,250132.0,62533.0,58188.3333,7.5,174565.0,75567.0,25.24,73.99,0.76,43.29,경기,수원시,2019.0,경기,수원화성문화제,1671346200.0,162293650.0,1509052550.0,10.0,10.0,수원화성문화제2019
수원화성문화제,2022,3,49918.0,148169.0,70.0,198157.0,66052.3333,62533.0,5.6,250132.0,-51975.0,25.19,74.77,0.04,-20.78,경기,수원시,2022.0,경기,수원화성문화제,1429100306.0,49245980.0,1379854326.0,10.0,10.0,수원화성문화제2022
수원화성문화제,2023,3,60885.0,195416.0,622.0,256923.0,85641.0,66052.3333,29.7,198157.0,58766.0,23.7,76.06,0.24,29.66,경기,수원시,2023.0,경기,수원화성문화제,1429100306.0,48259670.0,1380840636.0,10.0,10.0,수원화성문화제2023
순창장류축제,2018,3,21077.0,45997.0,64.0,67138.0,22379.3333,,,,67138.0,31.39,68.51,0.1,0.0,전북,순창군,2018.0,전북,순창장류축제,849930570.0,150000000.0,699930570.0,10.0,10.0,순창장류축제2018
순창장류축제,2019,3,21171.0,47441.0,22.0,68634.0,22878.0,22379.3333,2.2,67138.0,1496.0,30.85,69.12,0.03,2.23,전북,순창군,2019.0,전북,순창장류축제,849992431.0,150000000.0,699992431.0,10.0,10.0,순창장류축제2019
순창장류축제,2022,3,30150.0,53900.0,2.0,84052.0,28017.3333,22878.0,22.5,68634.0,15418.0,35.87,64.13,0.0,22.46,전북,순창군,2022.0,전북,순창장류축제,1000000000.0,0.0,1000000000.0,10.0,10.0,순창장류축제2022
순창장류축제,2023,3,30582.0,43492.0,56.0,74130.0,24710.0,28017.3333,-11.8,84052.0,-9922.0,41.25,58.67,0.08,-11.8,전북,순창군,2023.0,전북,순창장류축제,1050000000.0,0.0,1050000000.0,10.0,10.0,순창장류축제2023
시흥갯골축제,2018,3,24690.0,14756.0,55.0,39501.0,13167.0,,,,39501.0,62.5,37.36,0.14,0.0,경기,시흥시,2018.0,경기,갯골축제,720000000.0,120000000.0,600000000.0,9.0,9.0,시흥갯골축제2018
시흥갯골축제,2019,3,24492.0,17073.0,50.0,41615.0,13871.6667,13167.0,5.4,39501.0,2114.0,58.85,41.03,0.12,5.35,경기,시흥시,2019.0,경기,갯골축제,847635000.0,138000000.0,709635000.0,9.0,9.0,시흥갯골축제2019
시흥갯골축제,2022,3,47644.0,23541.0,12.0,71197.0,23732.3333,13871.6667,71.1,41615.0,29582.0,66.92,33.06,0.02,71.08,경기,시흥시,,,,,,,,,시흥갯골축제2022
시흥갯골축제,2023,3,59972.0,28275.0,33.0,88280.0,29426.6667,23732.3333,24.0,71197.0,17083.0,67.93,32.03,0.04,23.99,경기,시흥시,2023.0,경기,갯골축제,859799150.0,0.0,859799150.0,1.0,12.0,시흥갯골축제2023
안동탈춤축제,2018,10,281442.0,123388.0,3368.0,408198.0,40819.8,,,,408198.0,68.95,30.23,0.83,0.0,경북,안동시,2018.0,경북,안동민속축제,337000000.0,0.0,337000000.0,9.0,10.0,안동탈춤축제2018
안동탈춤축제,2019,10,280924.0,144493.0,2428.0,427845.0,42784.5,40819.8,4.8,408198.0,19647.0,65.66,33.77,0.57,4.81,경북,안동시,2019.0,경북,안동민속축제,337000000.0,0.0,337000000.0,9.0,10.0,안동탈춤축제2019
안동탈춤축제,2022,5,166398.0,87333.0,42.0,253773.0,50754.6,42784.5,18.6,427845.0,-174072.0,65.57,34.41,0.02,-40.69,경북,안동시,2022.0,경북,안동민속축제,337000000.0,0.0,337000000.0,9.0,10.0,안동탈춤축제2022
안동탈춤축제,2023,8,233513.0,127305.0,836.0,361654.0,45206.75,50754.6,-10.9,253773.0,107881.0,64.57,35.2,0.23,42.51,경북,안동시,2023.0,경북,안동민속축제,770000000.0,0.0,770000000.0,5.0,5.0,안동탈춤축제2023
안성맞춤남사당바우덕이축제,2018,5,70203.0,50112.0,508.0,120823.0,24164.6,,,,120823.0,58.1,41.48,0.42,0.0,경기,안성시,2018.0,경기,안성맞춤 남사당 바우덕이 축제,1443605530.0,178900000.0,1264705530.0,10.0,10.0,안성맞춤남사당바우덕이축제2018
안성맞춤남사당바우덕이축제,2022,4,68612.0,56939.0,24.0,125575.0,31393.75,24164.6,29.9,120823.0,4752.0,54.64,45.34,0.02,3.93,경기,안성시,2022.0,경기,안성맞춤 남사당 바우덕이 축제,1678590000.0,0.0,1678590000.0,9.0,10.0,안성맞춤남사당바우덕이축제2022
안성맞춤남사당바우덕이축제,2023,4,64370.0,52108.0,66.0,116544.0,29136.0,31393.75,-7.2,125575.0,-9031.0,55.23,44.71,0.06,-7.19,경기,안성시,2023.0,경기,안성맞춤 남사당 바우덕이 축제,1935560900.0,0.0,1935560900.0,10.0,10.0,안성맞춤남사당바우덕이축제2023
알프스하동섬진강문화재첩축제,2018,3,18316.0,16480.0,18.0,34814.0,11604.6667,,,,34814.0,52.61,47.34,0.05,0.0,경남,하동군,2018.0,경남,알프스하동섬진강재첩축제,350000000.0,0.0,350000000.0,7.0,7.0,알프스하동섬진강문화재첩축제2018
알프스하동섬진강문화재첩축제,2019,3,18988.0,25158.0,93.0,44239.0,14746.3333,11604.6667,27.1,34814.0,9425.0,42.92,56.87,0.21,27.07,경남,하동군,2019.0,경남,알프스하동섬진강재첩축제,348786000.0,0.0,348786000.0,7.0,7.0,알프스하동섬진강문화재첩축제2019
알프스하동섬진강문화재첩축제,2022,3,24724.0,26869.0,1.0,51594.0,17198.0,14746.3333,16.6,44239.0,7355.0,47.92,52.08,0.0,16.63,경남,하동군,2022.0,경남,알프스하동섬진강재첩축제,502387820.0,0.0,502387820.0,8.0,8.0,알프스하동섬진강문화재첩축제2022
알프스하동섬진강문화재첩축제,2023,3,24278.0,25580.0,20.0,49878.0,16626.0,17198.0,-3.3,51594.0,-1716.0,48.67,51.29,0.04,-3.33,경남,하동군,2023.0,경남,알프스하동섬진강재첩축제,502387820.0,0.0,502387820.0,8.0,8.0,알프스하동섬진강문화재첩축제2023
양양송이축제,2018,4,60444.0,74421.0,172.0,135037.0,33759.25,,,,135037.0,44.76,55.11,0.13,0.0,강원,양양군,2018.0,강원,양양 송이 축제,529505980.0,26735350.0,502770630.0,9.0,10.0,양양송이축제2018
양양송이축제,2019,4,57337.0,75702.0,101.0,133140.0,33285.0,33759.25,-1.4,135037.0,-1897.0,43.07,56.86,0.08,-1.4,강원,양양군,2019.0,강원,양양 송이 축제,529753860.0,26409879.0,503343981.0,9.0,9.0,양양송이축제2019
양양송이축제,2022,3,61130.0,92151.0,74.0,153355.0,51118.3333,33285.0,53.6,133140.0,20215.0,39.86,60.09,0.05,15.18,강원,양양군,2022.0,강원,양양 송이 축제,544969610.0,0.0,544969610.0,9.0,10.0,양양송이축제2022
양양송이축제,2023,5,106882.0,102085.0,133.0,209100.0,41820.0,51118.3333,-18.2,153355.0,55745.0,51.12,48.82,0.06,36.35,강원,양양군,2023.0,강원,양양 송이 축제,530117680.0,0.0,530117680.0,10.0,10.0,양양송이축제2023
여주오곡나루축제,2018,3,51532.0,34818.0,50.0,86400.0,28800.0,,,,86400.0,59.64,40.3,0.06,0.0,경기,여주시,2018.0,경기,여주오곡나루축제,908229000.0,160000000.0,748229000.0,10.0,10.0,여주오곡나루축제2018
여주오곡나루축제,2022,3,71994.0,42871.0,9.0,114874.0,38291.3333,28800.0,33.0,86400.0,28474.0,62.67,37.32,0.01,32.96,경기,여주시,2022.0,경기,여주오곡나루축제,904781000.0,0.0,904781000.0,10.0,10.0,여주오곡나루축제2022
여주오곡나루축제,2023,3,79535.0,45934.0,43.0,125512.0,41837.3333,38291.3333,9.3,114874.0,10638.0,63.37,36.6,0.03,9.26,경기,여주시,2023.0,경기,여주오곡나루축제,1036454000.0,45000000.0,991454000.0,10.0,10.0,여주오곡나루축제2023
연천구석기축제,2018,4,60947.0,74018.0,49.0,135014.0,33753.5,,,,135014.0,45.14,54.82,0.04,0.0,경기,연천군,2018.0,경기,연천전곡리 구석기축제,784100000.0,31848000.0,752252000.0,5.0,5.0,연천구석기축제2018
연천구석기축제,2019,4,60630.0,74238.0,88.0,134956.0,33739.0,33753.5,-0.0,135014.0,-58.0,44.93,55.01,0.07,-0.04,경기,연천군,2019.0,경기,연천전곡리 구석기축제,875365010.0,0.0,875365010.0,5.0,5.0,연천구석기축제2019
연천구석기축제,2022,4,69787.0,64754.0,15.0,134556.0,33639.0,33739.0,-0.3,134956.0,-400.0,51.86,48.12,0.01,-0.3,경기,연천군,2022.0,경기,연천전곡리 구석기축제,869497780.0,45000000.0,824497780.0,10.0,10.0,연천구석기축제2022
연천구석기축제,2023,4,69462.0,64777.0,18.0,134257.0,33564.25,33639.0,-0.2,134556.0,-299.0,51.74,48.25,0.01,-0.22,경기,연천군,2023.0,경기,연천전곡리 구석기축제,1780915780.0,105948000.0,1674967780.0,5.0,5.0,연천구석기축제2023
영덕대게축제,2018,4,25398.0,66853.0,145.0,92396.0,23099.0,,,,92396.0,27.49,72.35,0.16,0.0,경북,영덕군,2018.0,경북,영덕대게축제,640000000.0,0.0,640000000.0,3.0,3.0,영덕대게축제2018
영덕대게축제,2019,4,27955.0,61096.0,124.0,89175.0,22293.75,23099.0,-3.5,92396.0,-3221.0,31.35,68.51,0.14,-3.49,경북,영덕군,2019.0,경북,영덕대게축제,740000000.0,140000000.0,600000000.0,3.0,3.0,영덕대게축제2019
영덕대게축제,2023,3,24321.0,88025.0,10.0,112356.0,37452.0,22293.75,68.0,89175.0,23181.0,21.65,78.34,0.01,25.99,경북,영덕군,2023.0,경북,영덕대게축제,670000.0,0.0,670000.0,2.0,2.0,영덕대게축제2023
영도다리축제,2018,3,49153.0,50768.0,1127.0,101048.0,33682.6667,,,,101048.0,48.64,50.24,1.12,0.0,부산,영도구,2018.0,부산,영도다리축제,305000000.0,55000000.0,250000000.0,10.0,10.0,영도다리축제2018
영도다리축제,2019,3,53349.0,32784.0,604.0,86737.0,28912.3333,33682.6667,-14.2,101048.0,-14311.0,61.51,37.8,0.7,-14.16,부산,영도구,2019.0,부산,영도다리축제,332500000.0,45000000.0,287500000.0,10.0,10.0,영도다리축제2019
영도다리축제,2022,3,62502.0,36257.0,42.0,98801.0,32933.6667,28912.3333,13.9,86737.0,12064.0,63.26,36.7,0.04,13.91,부산,영도구,2022.0,부산,영도다리축제,432500000.0,64000000.0,368500000.0,10.0,10.0,영도다리축제2022
영도다리축제,2023,3,60899.0,36403.0,1258.0,98560.0,32853.3333,32933.6667,-0.2,98801.0,-241.0,61.79,36.93,1.28,-0.24,부산,영도구,2023.0,부산,영도다리축제,413500000.0,0.0,413500000.0,10.0,10.0,영도다리축제2023
영동난계국악축제,2018,4,92918.0,44896.0,33.0,137847.0,34461.75,,,,137847.0,67.41,32.57,0.02,0.0,충북,영동군,2018.0,충북,영동난계국악축제,1149290650.0,190000000.0,959290650.0,10.0,10.0,영동난계국악축제2018
영동난계국악축제,2019,4,88518.0,45423.0,378.0,134319.0,33579.75,34461.75,-2.6,137847.0,-3528.0,65.9,33.82,0.28,-2.56,충북,영동군,2019.0,충북,영동난계국악축제,1110000000.0,160000000.0,950000000.0,10.0,10.0,영동난계국악축제2019
영동난계국악축제,2022,4,99615.0,48682.0,155.0,148452.0,37113.0,33579.75,10.5,134319.0,14133.0,67.1,32.79,0.1,10.52,충북,영동군,2023.0,충북,영동난계국악축제,1099199780.0,0.0,1099199780.0,10.0,10.0,영동난계국악축제2022
영동난계국악축제,2023,4,102361.0,46733.0,122.0,149216.0,37304.0,37113.0,0.5,148452.0,764.0,68.6,31.32,0.08,0.51,충북,영동군,2023.0,충북,영동난계국악축제,1099199780.0,0.0,1099199780.0,10.0,10.0,영동난계국악축제2023
영산강서창들녘억새축제,2018,3,52910.0,68684.0,135.0,121729.0,40576.3333,,,,121729.0,43.47,56.42,0.11,0.0,광주,서구,2023.0,광주,영산강 서창들녘 억새축제,372077800.0,0.0,372077800.0,10.0,10.0,영산강서창들녘억새축제2018
영산강서창들녘억새축제,2019,3,51733.0,67105.0,44.0,118882.0,39627.3333,40576.3333,-2.3,121729.0,-2847.0,43.52,56.45,0.04,-2.34,광주,서구,2023.0,광주,영산강 서창들녘 억새축제,372077800.0,0.0,372077800.0,10.0,10.0,영산강서창들녘억새축제2019
영산강서창들녘억새축제,2022,4,77392.0,87811.0,16.0,165219.0,41304.75,39627.3333,4.2,118882.0,46337.0,46.84,53.15,0.01,38.98,광주,서구,2023.0,광주,영산강 서창들녘 억새축제,372077800.0,0.0,372077800.0,10.0,10.0,영산강서창들녘억새축제2022
영산강서창들녘억새축제,2023,5,103247.0,108290.0,60.0,211597.0,42319.4,41304.75,2.5,165219.0,46378.0,48.79,51.18,0.03,28.07,광주,서구,2023.0,광주,영산강 서창들녘 억새축제,372077800.0,0.0,372077800.0,10.0,10.0,영산강서창들녘억새축제2023
영암왕인문화축제,2018,4,22126.0,35965.0,26.0,58117.0,14529.25,,,,58117.0,38.07,61.88,0.04,0.0,전남,영암군,2018.0,전남,왕인문화 축제,970000000.0,80000000.0,890000000.0,4.0,4.0,영암왕인문화축제2018
영암왕인문화축제,2019,4,30602.0,70264.0,93.0,100959.0,25239.75,14529.25,73.7,58117.0,42842.0,30.31,69.6,0.09,73.72,전남,영암군,2019.0,전남,왕인문화 축제,980000000.0,70000000.0,910000000.0,4.0,4.0,영암왕인문화축제2019
영암왕인문화축제,2023,4,35281.0,86880.0,5.0,122166.0,30541.5,25239.75,21.0,100959.0,21207.0,28.88,71.12,0.0,21.01,전남,영암군,2023.0,전남,왕인문화 축제,989998200.0,0.0,989998200.0,3.0,4.0,영암왕인문화축제2023
영주풍기인삼축제,2018,9,116342.0,131075.0,255.0,247672.0,27519.1111,,,,247672.0,46.97,52.92,0.1,0.0,경북,영주시,2018.0,경북,영주풍기인삼축제,740000000.0,20000000.0,720000000.0,10.0,10.0,영주풍기인삼축제2018
영주풍기인삼축제,2019,9,25727.0,14786.0,91.0,40604.0,4511.5556,27519.1111,-83.6,247672.0,-207068.0,63.36,36.42,0.22,-83.61,경북,영주시,2019.0,경북,영주풍기인삼축제,950000000.0,5000000.0,945000000.0,10.0,10.0,영주풍기인삼축제2019
영주풍기인삼축제,2022,24,308066.0,286599.0,35.0,594700.0,24779.1667,4511.5556,449.2,40604.0,554096.0,51.8,48.19,0.01,1364.63,경북,영주시,2023.0,경북,영주풍기인삼축제,810000000.0,0.0,810000000.0,10.0,10.0,영주풍기인삼축제2022
영주풍기인삼축제,2023,9,106995.0,84936.0,124.0,192055.0,21339.4444,24779.1667,-13.9,594700.0,-402645.0,55.71,44.22,0.06,-67.71,경북,영주시,2023.0,경북,영주풍기인삼축제,810000000.0,0.0,810000000.0,10.0,10.0,영주풍기인삼축제2023
울산고래축제,2018,4,77623.0,59803.0,679.0,138105.0,34526.25,,,,138105.0,56.21,43.3,0.49,0.0,울산,남구,2018.0,울산,울산고래축제,1513174000.0,0.0,1513174000.0,7.0,7.0,울산고래축제2018
울산고래축제,2019,3,50104.0,54835.0,593.0,105532.0,35177.3333,34526.25,1.9,138105.0,-32573.0,47.48,51.96,0.56,-23.59,울산,남구,2019.0,울산,울산고래축제,1449175340.0,0.0,1449175340.0,6.0,6.0,울산고래축제2019
울산고래축제,2022,4,85235.0,70133.0,33.0,155401.0,38850.25,35177.3333,10.4,105532.0,49869.0,54.85,45.13,0.02,47.25,울산,남구,2022.0,울산,울산고래축제,1250000000.0,250000000.0,1000000000.0,10.0,10.0,울산고래축제2022
울산고래축제,2023,4,82804.0,68240.0,419.0,151463.0,37865.75,38850.25,-2.5,155401.0,-3938.0,54.67,45.05,0.28,-2.53,울산,남구,2023.0,울산,울산고래축제,1430703960.0,250000000.0,1180703960.0,5.0,5.0,울산고래축제2023
울산쇠부리축제,2018,3,102607.0,99539.0,1047.0,203193.0,67731.0,,,,203193.0,50.5,48.99,0.52,0.0,울산,북구,2018.0,울산,울산쇠부리축제,588000000.0,200000000.0,388000000.0,5.0,5.0,울산쇠부리축제2018
울산쇠부리축제,2019,3,52770.0,16940.0,17.0,69727.0,23242.3333,67731.0,-65.7,203193.0,-133466.0,75.68,24.29,0.02,-65.68,울산,북구,2019.0,울산,울산쇠부리축제,591000000.0,200000000.0,391000000.0,5.0,5.0,울산쇠부리축제2019
울산쇠부리축제,2022,3,60740.0,22997.0,2.0,83739.0,27913.0,23242.3333,20.1,69727.0,14012.0,72.53,27.46,0.0,20.1,울산,북구,2022.0,울산,울산쇠부리축제,599927210.0,199975730.0,399951480.0,5.0,5.0,울산쇠부리축제2022
울산쇠부리축제,2023,3,60265.0,20447.0,13.0,80725.0,26908.3333,27913.0,-3.6,83739.0,-3014.0,74.65,25.33,0.02,-3.6,울산,북구,2023.0,울산,울산쇠부리축제,599974594.0,200000000.0,399974594.0,5.0,5.0,울산쇠부리축제2023
울산옹기축제,2018,4,64884.0,43019.0,378.0,108281.0,27070.25,,,,108281.0,59.92,39.73,0.35,0.0,울산,울주군,2018.0,울산,울산옹기축제,712500000.0,20000000.0,692500000.0,5.0,5.0,울산옹기축제2018
울산옹기축제,2019,4,66591.0,49467.0,1484.0,117542.0,29385.5,27070.25,8.6,108281.0,9261.0,56.65,42.08,1.26,8.55,울산,울주군,2019.0,울산,울산옹기축제,712500000.0,200000000.0,512500000.0,5.0,5.0,울산옹기축제2019
울산옹기축제,2022,4,77710.0,52289.0,7.0,130006.0,32501.5,29385.5,10.6,117542.0,12464.0,59.77,40.22,0.01,10.6,울산,울주군,2022.0,울산,울산옹기축제,874836060.0,0.0,874836060.0,9.0,10.0,울산옹기축제2022
울산옹기축제,2023,3,49749.0,25287.0,10.0,75046.0,25015.3333,32501.5,-23.0,130006.0,-54960.0,66.29,33.7,0.01,-42.27,울산,울주군,2023.0,울산,울산옹기축제,879017260.0,228080000.0,650937260.0,5.0,5.0,울산옹기축제2023
원주다이내믹댄싱카니발,2018,6,62324.0,10046.0,110.0,72480.0,12080.0,,,,72480.0,85.99,13.86,0.15,0.0,강원,원주시,2018.0,강원,원주다이내믹댄싱카니발,1528653140.0,0.0,1528653140.0,9.0,9.0,원주다이내믹댄싱카니발2018
원주다이내믹댄싱카니발,2019,6,40017.0,9699.0,154.0,49870.0,8311.6667,12080.0,-31.2,72480.0,-22610.0,80.24,19.45,0.31,-31.19,강원,원주시,2019.0,강원,원주다이내믹댄싱카니발,1894086789.0,0.0,1894086789.0,9.0,9.0,원주다이내믹댄싱카니발2019
원주다이내믹댄싱카니발,2022,3,68274.0,18641.0,15.0,86930.0,28976.6667,8311.6667,248.6,49870.0,37060.0,78.54,21.44,0.02,74.31,강원,원주시,2020.0,강원,원주다이내믹댄싱카니발,305569500.0,0.0,305569500.0,10.0,10.0,원주다이내믹댄싱카니발2022
원주다이내믹댄싱카니발,2023,3,54573.0,11885.0,15.0,66473.0,22157.6667,28976.6667,-23.5,86930.0,-20457.0,82.1,17.88,0.02,-23.53,강원,원주시,2020.0,강원,원주다이내믹댄싱카니발,305569500.0,0.0,305569500.0,10.0,10.0,원주다이내믹댄싱카니발2023
원주한지문화제,2018,4,166858.0,42132.0,208.0,209198.0,52299.5,,,,209198.0,79.76,20.14,0.1,0.0,강원,원주시,,,,,,,,,원주한지문화제2018
원주한지문화제,2019,5,147824.0,48405.0,47.0,196276.0,39255.2,52299.5,-24.9,209198.0,-12922.0,75.31,24.66,0.02,-6.18,강원,원주시,,,,,,,,,원주한지문화제2019
원주한지문화제,2022,11,651048.0,235547.0,107.0,886702.0,80609.2727,39255.2,105.3,196276.0,690426.0,73.42,26.56,0.01,351.76,강원,원주시,,,,,,,,,원주한지문화제2022
원주한지문화제,2023,10,627165.0,198065.0,173.0,825403.0,82540.3,80609.2727,2.4,886702.0,-61299.0,75.98,24.0,0.02,-6.91,강원,원주시,,,,,,,,,원주한지문화제2023
음성품바축제,2018,5,85312.0,90314.0,149.0,175775.0,35155.0,,,,175775.0,48.53,51.38,0.08,0.0,충북,음성군,2018.0,충북,음성품바축제,657099900.0,160000000.0,497099900.0,5.0,5.0,음성품바축제2018
음성품바축제,2019,5,89176.0,103489.0,412.0,193077.0,38615.4,35155.0,9.8,175775.0,17302.0,46.19,53.6,0.21,9.84,충북,음성군,2019.0,충북,음성품바축제,738025000.0,140000000.0,598025000.0,5.0,5.0,음성품바축제2019
음성품바축제,2022,5,105161.0,89717.0,15.0,194893.0,38978.6,38615.4,0.9,193077.0,1816.0,53.96,46.03,0.01,0.94,충북,음성군,2018.0,충북,음성품바축제,657099900.0,160000000.0,497099900.0,5.0,5.0,음성품바축제2022
음성품바축제,2023,5,106527.0,78421.0,82.0,185030.0,37006.0,38978.6,-5.1,194893.0,-9863.0,57.57,42.38,0.04,-5.06,충북,음성군,2018.0,충북,음성품바축제,657099900.0,160000000.0,497099900.0,5.0,5.0,음성품바축제2023
이천쌀문화축제,2018,5,93230.0,56587.0,173.0,149990.0,29998.0,,,,149990.0,62.16,37.73,0.12,0.0,경기,이천시,2018.0,경기,이천쌀문화축제,737900000.0,0.0,737900000.0,10.0,10.0,이천쌀문화축제2018
이천쌀문화축제,2022,5,39766.0,55812.0,16.0,95594.0,19118.8,29998.0,-36.3,149990.0,-54396.0,41.6,58.38,0.02,-36.27,경기,이천시,2023.0,경기,이천쌀문화축제,1481380047.0,100000000.0,1381380047.0,10.0,10.0,이천쌀문화축제2022
이천쌀문화축제,2023,5,42714.0,59770.0,59.0,102543.0,20508.6,19118.8,7.3,95594.0,6949.0,41.65,58.29,0.06,7.27,경기,이천시,2023.0,경기,이천쌀문화축제,1481380047.0,100000000.0,1381380047.0,10.0,10.0,이천쌀문화축제2023
인천펜타포트음악축제,2018,3,59785.0,79304.0,670.0,139759.0,46586.3333,,,,139759.0,42.78,56.74,0.48,0.0,인천,연수구,2018.0,인천,펜타포트 음악축제,2500000000.0,0.0,2500000000.0,1.0,12.0,인천펜타포트음악축제2018
인천펜타포트음악축제,2019,3,56514.0,62168.0,823.0,119505.0,39835.0,46586.3333,-14.5,139759.0,-20254.0,47.29,52.02,0.69,-14.49,인천,연수구,2019.0,인천,펜타포트 음악축제,1061827646.0,0.0,1061827646.0,8.0,8.0,인천펜타포트음악축제2019
인천펜타포트음악축제,2022,3,68316.0,126659.0,331.0,195306.0,65102.0,39835.0,63.4,119505.0,75801.0,34.98,64.85,0.17,63.43,인천,연수구,,,,,,,,,인천펜타포트음악축제2022
인천펜타포트음악축제,2023,3,67738.0,109942.0,474.0,178154.0,59384.6667,65102.0,-8.8,195306.0,-17152.0,38.02,61.71,0.27,-8.78,인천,연수구,,,,,,,,,인천펜타포트음악축제2023
임실N치즈축제,2018,4,10574.0,44128.0,41.0,54743.0,13685.75,,,,54743.0,19.32,80.61,0.07,0.0,전북,임실군,2018.0,전북,임실N치즈축제,842440420.0,410000000.0,432440420.0,10.0,10.0,임실N치즈축제2018
임실N치즈축제,2019,4,11779.0,71458.0,58.0,83295.0,20823.75,13685.75,52.2,54743.0,28552.0,14.14,85.79,0.07,52.16,전북,임실군,2019.0,전북,임실N치즈축제,842440000.0,410000000.0,432440000.0,10.0,10.0,임실N치즈축제2019
임실N치즈축제,2022,4,13075.0,87213.0,3.0,100291.0,25072.75,20823.75,20.4,83295.0,16996.0,13.04,86.96,0.0,20.4,전북,임실군,2022.0,전북,임실N치즈축제,930000000.0,505000000.0,425000000.0,10.0,10.0,임실N치즈축제2022
임실N치즈축제,2023,4,13923.0,79355.0,41.0,93319.0,23329.75,25072.75,-7.0,100291.0,-6972.0,14.92,85.04,0.04,-6.95,전북,임실군,2023.0,전북,임실N치즈축제,1030000000.0,0.0,1030000000.0,10.0,10.0,임실N치즈축제2023
정남진장흥물축제,2018,7,107219.0,125625.0,196.0,233040.0,33291.4286,,,,233040.0,46.01,53.91,0.08,0.0,전남,장흥군,2018.0,전남,정남진장흥물축제,1500000000.0,0.0,1500000000.0,7.0,8.0,정남진장흥물축제2018
정남진장흥물축제,2019,7,113509.0,117192.0,84.0,230785.0,32969.2857,33291.4286,-1.0,233040.0,-2255.0,49.18,50.78,0.04,-0.97,전남,장흥군,2019.0,전남,정남진장흥물축제,1500000000.0,0.0,1500000000.0,7.0,8.0,정남진장흥물축제2019
정남진장흥물축제,2022,9,152601.0,158739.0,5.0,311345.0,34593.8889,32969.2857,4.9,230785.0,80560.0,49.01,50.98,0.0,34.91,전남,장흥군,2022.0,전남,정남진장흥물축제,1978811770.0,0.0,1978811770.0,7.0,8.0,정남진장흥물축제2022
정남진장흥물축제,2023,9,163708.0,175410.0,82.0,339200.0,37688.8889,34593.8889,8.9,311345.0,27855.0,48.26,51.71,0.02,8.95,전남,장흥군,2022.0,전남,정남진장흥물축제,1978811770.0,0.0,1978811770.0,7.0,8.0,정남진장흥물축제2023
정선아리랑제,2018,7,71747.0,44245.0,86.0,116078.0,16582.5714,,,,116078.0,61.81,38.12,0.07,0.0,강원,정선군,,,,,,,,,정선아리랑제2018
정선아리랑제,2019,4,45176.0,38664.0,72.0,83912.0,20978.0,16582.5714,26.5,116078.0,-32166.0,53.84,46.08,0.09,-27.71,강원,정선군,,,,,,,,,정선아리랑제2019
정선아리랑제,2022,4,55398.0,40879.0,7.0,96284.0,24071.0,20978.0,14.7,83912.0,12372.0,57.54,42.46,0.01,14.74,강원,정선군,,,,,,,,,정선아리랑제2022
정선아리랑제,2023,4,55977.0,33394.0,22.0,89393.0,22348.25,24071.0,-7.2,96284.0,-6891.0,62.62,37.36,0.02,-7.16,강원,정선군,2023.0,경남,아리랑가요제,322300000.0,0.0,322300000.0,5.0,5.0,정선아리랑제2023
제주들불축제,2018,4,214318.0,132354.0,2459.0,349131.0,87282.75,,,,349131.0,61.39,37.91,0.7,0.0,제주,제주시,2018.0,제주,제주 들불축제,1688149440.0,0.0,1688149440.0,3.0,3.0,제주들불축제2018
제주들불축제,2019,4,196963.0,120675.0,6875.0,324513.0,81128.25,87282.75,-7.1,349131.0,-24618.0,60.69,37.19,2.12,-7.05,제주,제주시,2019.0,제주,제주 들불축제,1629022750.0,2411000.0,1626611750.0,3.0,3.0,제주들불축제2019
제주들불축제,2023,4,243131.0,146579.0,114.0,389824.0,97456.0,81128.25,20.1,324513.0,65311.0,62.37,37.6,0.03,20.13,제주,제주시,2023.0,제주,제주들불축제,1368693000.0,0.0,1368693000.0,3.0,3.0,제주들불축제2023
지용제,2018,4,99119.0,53603.0,60.0,152782.0,38195.5,,,,152782.0,64.88,35.08,0.04,0.0,충북,옥천군,2018.0,충북,지용제,326000000.0,0.0,326000000.0,5.0,5.0,지용제2018
지용제,2019,4,103208.0,71134.0,76.0,174418.0,43604.5,38195.5,14.2,152782.0,21636.0,59.17,40.78,0.04,14.16,충북,옥천군,2019.0,충북,지용제,326000000.0,0.0,326000000.0,5.0,5.0,지용제2019
지용제,2022,4,119926.0,65540.0,34.0,185500.0,46375.0,43604.5,6.4,174418.0,11082.0,64.65,35.33,0.02,6.35,충북,옥천군,2022.0,충북,지용제,349981150.0,30000000.0,319981150.0,4.0,11.0,지용제2022
지용제,2023,4,114939.0,69600.0,45.0,184584.0,46146.0,46375.0,-0.5,185500.0,-916.0,62.27,37.71,0.02,-0.49,충북,옥천군,2023.0,충북,지용제,450290000.0,25000000.0,425290000.0,5.0,11.0,지용제2023
진도신비의바닷길축제,2018,4,11300.0,23569.0,428.0,35297.0,8824.25,,,,35297.0,32.01,66.77,1.21,0.0,전남,진도군,2018.0,전남,진도신비의바닷길축제,770437140.0,0.0,770437140.0,5.0,5.0,진도신비의바닷길축제2018
진도신비의바닷길축제,2019,4,11563.0,26449.0,271.0,38283.0,9570.75,8824.25,8.5,35297.0,2986.0,30.2,69.09,0.71,8.46,전남,진도군,2019.0,전남,진도신비의바닷길축제,753979120.0,0.0,753979120.0,3.0,3.0,진도신비의바닷길축제2019
진도신비의바닷길축제,2023,3,12120.0,21158.0,7.0,33285.0,11095.0,9570.75,15.9,38283.0,-4998.0,36.41,63.57,0.02,-13.06,전남,진도군,2023.0,전남,진도 신비의 바닷길 축제,899805690.0,0.0,899805690.0,4.0,4.0,진도신비의바닷길축제2023
진안홍삼축제,2018,4,20748.0,50603.0,105.0,71456.0,17864.0,,,,71456.0,29.04,70.82,0.15,0.0,전북,진안군,2018.0,전북,진안홍삼축제,799863000.0,0.0,799863000.0,10.0,10.0,진안홍삼축제2018
진안홍삼축제,2019,5,30516.0,69846.0,73.0,100435.0,20087.0,17864.0,12.4,71456.0,28979.0,30.38,69.54,0.07,40.56,전북,진안군,2019.0,전북,진안홍삼축제,850000000.0,0.0,850000000.0,10.0,10.0,진안홍삼축제2019
진안홍삼축제,2022,4,29326.0,55999.0,6.0,85331.0,21332.75,20087.0,6.2,100435.0,-15104.0,34.37,65.63,0.01,-15.04,전북,진안군,2022.0,전북,진안홍삼축제,890389780.0,200000000.0,690389780.0,10.0,10.0,진안홍삼축제2022
진안홍삼축제,2023,3,15717.0,30311.0,23.0,46051.0,15350.3333,21332.75,-28.0,85331.0,-39280.0,34.13,65.82,0.05,-46.03,전북,진안군,2023.0,전북,진안홍삼축제,999816770.0,215579584.0,784237186.0,9.0,9.0,진안홍삼축제2023
진주유등축제,2018,14,377069.0,260803.0,763.0,638635.0,45616.7857,,,,638635.0,59.04,40.84,0.12,0.0,경남,진주시,2018.0,경남,진주남강유등축제,1832000000.0,20000000.0,1812000000.0,10.0,10.0,진주유등축제2018
진주유등축제,2019,13,338899.0,242017.0,1302.0,582218.0,44786.0,45616.7857,-1.8,638635.0,-56417.0,58.21,41.57,0.22,-8.83,경남,진주시,2019.0,경남,진주남강유등축제,2499864208.0,99975000.0,2399889208.0,10.0,10.0,진주유등축제2019
진주유등축제,2022,22,714686.0,406218.0,94.0,1120998.0,50954.4545,44786.0,13.8,582218.0,538780.0,63.75,36.24,0.01,92.54,경남,진주시,2022.0,경남,진주남강유등축제,2780000000.0,30000000.0,2750000000.0,10.0,10.0,진주유등축제2022
진주유등축제,2023,15,409500.0,259942.0,542.0,669984.0,44665.6,50954.4545,-12.3,1120998.0,-451014.0,61.12,38.8,0.08,-40.23,경남,진주시,2023.0,경남,진주남강유등축제,2780000000.0,0.0,2780000000.0,10.0,10.0,진주유등축제2023
천안흥타령축제,2018,5,141008.0,173032.0,1444.0,315484.0,63096.8,,,,315484.0,44.7,54.85,0.46,0.0,충남,천안시,2018.0,충남,천안흥타령춤축제,2547171521.0,400000000.0,2147171521.0,9.0,9.0,천안흥타령축제2018
천안흥타령축제,2019,5,83362.0,49948.0,231.0,133541.0,26708.2,63096.8,-57.7,315484.0,-181943.0,62.42,37.4,0.17,-57.67,충남,천안시,2019.0,충남,천안흥타령춤축제,2537534464.0,350000000.0,2187534464.0,9.0,9.0,천안흥타령축제2019
천안흥타령축제,2022,5,112893.0,75921.0,73.0,188887.0,37777.4,26708.2,41.4,133541.0,55346.0,59.77,40.19,0.04,41.44,충남,천안시,2022.0,충남,천안흥타령춤축제,2495703972.0,300000000.0,2195703972.0,9.0,9.0,천안흥타령축제2022
천안흥타령축제,2023,5,106685.0,76898.0,411.0,183994.0,36798.8,37777.4,-2.6,188887.0,-4893.0,57.98,41.79,0.22,-2.59,충남,천안시,2023.0,충남,천안흥타령춤축제,2906180089.0,0.0,2906180089.0,10.0,10.0,천안흥타령축제2023
청송사과축제,2018,4,28770.0,49876.0,54.0,78700.0,19675.0,,,,78700.0,36.56,63.37,0.07,0.0,경북,청송군,2019.0,경북,청송사과축제,610000000.0,0.0,610000000.0,10.0,11.0,청송사과축제2018
청송사과축제,2019,5,42731.0,70436.0,102.0,113269.0,22653.8,19675.0,15.1,78700.0,34569.0,37.73,62.18,0.09,43.93,경북,청송군,2019.0,경북,청송사과축제,610000000.0,0.0,610000000.0,10.0,11.0,청송사과축제2019
청송사과축제,2022,5,51065.0,49028.0,1.0,100094.0,20018.8,22653.8,-11.6,113269.0,-13175.0,51.02,48.98,0.0,-11.63,경북,청송군,2022.0,경북,청송사과축제,839972590.0,0.0,839972590.0,11.0,11.0,청송사과축제2022
청송사과축제,2023,5,49000.0,71646.0,22.0,120668.0,24133.6,20018.8,20.6,100094.0,20574.0,40.61,59.37,0.02,20.55,경북,청송군,2023.0,경북,청송사과축제,759995880.0,0.0,759995880.0,11.0,11.0,청송사과축제2023
추억의충장축제,2018,3,70221.0,247882.0,275.0,318378.0,106126.0,,,,318378.0,22.06,77.86,0.09,0.0,광주,동구,2018.0,광주,추억의충장축제,1332130120.0,1010000000.0,322130120.0,1.0,12.0,추억의충장축제2018
추억의충장축제,2019,4,83828.0,296965.0,500.0,381293.0,95323.25,106126.0,-10.2,318378.0,62915.0,21.99,77.88,0.13,19.76,광주,동구,2019.0,광주,추억의충장축제,1435575.0,1170000.0,265575.0,10.0,10.0,추억의충장축제2019
추억의충장축제,2022,5,135397.0,301162.0,64.0,436623.0,87324.6,95323.25,-8.4,381293.0,55330.0,31.01,68.98,0.01,14.51,광주,동구,2022.0,광주,추억의충장축제,2932100062.0,2000000000.0,932100062.0,10.0,10.0,추억의충장축제2022
추억의충장축제,2023,5,142940.0,322490.0,373.0,465803.0,93160.6,87324.6,6.7,436623.0,29180.0,30.69,69.23,0.08,6.68,광주,동구,2022.0,광주,추억의충장축제,2932100062.0,2000000000.0,932100062.0,10.0,10.0,추억의충장축제2023
춘천마임축제,2018,8,159981.0,81311.0,320.0,241612.0,30201.5,,,,241612.0,66.21,33.65,0.13,0.0,강원,춘천시,2018.0,강원,춘천마임축제,603904212.0,103981690.0,499922522.0,5.0,5.0,춘천마임축제2018
춘천마임축제,2019,8,222199.0,106488.0,494.0,329181.0,41147.625,30201.5,36.2,241612.0,87569.0,67.5,32.35,0.15,36.24,강원,춘천시,2019.0,강원,춘천마임축제,719427440.0,119600000.0,599827440.0,5.0,6.0,춘천마임축제2019
춘천마임축제,2022,7,271117.0,118047.0,218.0,389382.0,55626.0,41147.625,35.2,329181.0,60201.0,69.63,30.32,0.06,18.29,강원,춘천시,2022.0,강원,춘천마임축제,621424029.0,0.0,621424029.0,5.0,5.0,춘천마임축제2022
춘천마임축제,2023,8,342704.0,139356.0,175.0,482235.0,60279.375,55626.0,8.4,389382.0,92853.0,71.07,28.9,0.04,23.85,강원,춘천시,2023.0,강원,춘천마임축제,637274368.0,45000000.0,592274368.0,5.0,6.0,춘천마임축제2023
탐라문화제,2018,5,58561.0,29402.0,3305.0,91268.0,18253.6,,,,91268.0,64.16,32.22,3.62,0.0,제주,제주시,2018.0,제주,탐라문화제,1199844430.0,0.0,1199844430.0,10.0,10.0,탐라문화제2018
탐라문화제,2019,5,64070.0,34070.0,3056.0,101196.0,20239.2,18253.6,10.9,91268.0,9928.0,63.31,33.67,3.02,10.88,제주,제주시,2019.0,제주,탐라문화제,1275000000.0,0.0,1275000000.0,10.0,10.0,탐라문화제2019
탐라문화제,2022,5,59157.0,38383.0,47.0,97587.0,19517.4,20239.2,-3.6,101196.0,-3609.0,60.62,39.33,0.05,-3.57,제주,제주시,2022.0,제주,탐라문화제,1515960050.0,0.0,1515960050.0,10.0,10.0,탐라문화제2022
탐라문화제,2023,5,74290.0,45637.0,2185.0,122112.0,24422.4,19517.4,25.1,97587.0,24525.0,60.84,37.37,1.79,25.13,제주,제주시,2023.0,제주,탐라문화제,1474767280.0,0.0,1474767280.0,10.0,10.0,탐라문화제2023
탐라입춘굿축제,2018,3,52203.0,18343.0,612.0,71158.0,23719.3333,,,,71158.0,73.36,25.78,0.86,0.0,제주,제주시,,,,,,,,,탐라입춘굿축제2018
탐라입춘굿축제,2019,3,86746.0,34981.0,2646.0,124373.0,41457.6667,23719.3333,74.8,71158.0,53215.0,69.75,28.13,2.13,74.78,제주,제주시,,,,,,,,,탐라입춘굿축제2019
탐라입춘굿축제,2023,3,59955.0,30104.0,12.0,90071.0,30023.6667,41457.6667,-27.6,124373.0,-34302.0,66.56,33.42,0.01,-27.58,제주,제주시,,,,,,,,,탐라입춘굿축제2023
태백산눈축제,2018,24,113341.0,197023.0,303.0,310667.0,12944.4583,,,,310667.0,36.48,63.42,0.1,0.0,강원,태백시,2018.0,강원,태백산눈축제,1277949000.0,108500000.0,1169449000.0,1.0,2.0,태백산눈축제2018
태백산눈축제,2019,17,85894.0,155777.0,198.0,241869.0,14227.5882,12944.4583,9.9,310667.0,-68798.0,35.51,64.41,0.08,-22.15,강원,태백시,2019.0,강원,태백산눈축제,1272739000.0,50000000.0,1222739000.0,1.0,2.0,태백산눈축제2019
태백산눈축제,2023,5,25413.0,59809.0,12.0,85234.0,17046.8,14227.5882,19.8,241869.0,-156635.0,29.82,70.17,0.01,-64.76,강원,태백시,2018.0,강원,태백산눈축제,1277949000.0,108500000.0,1169449000.0,1.0,2.0,태백산눈축제2023
통영한산대첩축제,2018,5,50971.0,49962.0,85.0,101018.0,20203.6,,,,101018.0,50.46,49.46,0.08,0.0,경남,통영시,2018.0,경남,통영한산대첩축제,1114367512.0,0.0,1114367512.0,8.0,8.0,통영한산대첩축제2018
통영한산대첩축제,2019,5,33529.0,29809.0,119.0,63457.0,12691.4,20203.6,-37.2,101018.0,-37561.0,52.84,46.98,0.19,-37.18,경남,통영시,2019.0,경남,통영한산대첩축제,1209000000.0,0.0,1209000000.0,8.0,8.0,통영한산대첩축제2019
통영한산대첩축제,2022,9,63027.0,68031.0,9.0,131067.0,14563.0,12691.4,14.7,63457.0,67610.0,48.09,51.91,0.01,106.54,경남,통영시,2022.0,경남,통영한산대첩축제,1019521140.0,0.0,1019521140.0,8.0,8.0,통영한산대첩축제2022
통영한산대첩축제,2023,9,57810.0,47444.0,27.0,105281.0,11697.8889,14563.0,-19.7,131067.0,-25786.0,54.91,45.06,0.03,-19.67,경남,통영시,2020.0,경남,통영한산대첩축제,300700267.0,188800000.0,111900267.0,8.0,8.0,통영한산대첩축제2023
평창송어축제,2019,37,182175.0,335266.0,5540.0,522981.0,14134.6216,,,,522981.0,34.83,64.11,1.06,0.0,강원,평창군,2019.0,강원,평창송어축제,140000000.0,91000000.0,49000000.0,12.0,2.0,평창송어축제2019
평창송어축제,2023,31,190819.0,268296.0,246.0,459361.0,14818.0968,14134.6216,4.8,522981.0,-63620.0,41.54,58.41,0.05,-12.16,강원,평창군,2018.0,강원,평창송어축제,654000000.0,110000000.0,544000000.0,12.0,2.0,평창송어축제2023
평창효석문화제,2018,9,48492.0,173348.0,502.0,222342.0,24704.6667,,,,222342.0,21.81,77.96,0.23,0.0,강원,평창군,2018.0,강원,평창효석문화제,883000000.0,260000000.0,623000000.0,9.0,9.0,평창효석문화제2018
평창효석문화제,2019,9,40734.0,152866.0,342.0,193942.0,21549.1111,24704.6667,-12.8,222342.0,-28400.0,21.0,78.82,0.18,-12.77,강원,평창군,2019.0,강원,평창효석문화제,696400000.0,119600000.0,576800000.0,9.0,9.0,평창효석문화제2019
평창효석문화제,2023,10,66107.0,155046.0,292.0,221445.0,22144.5,21549.1111,2.8,193942.0,27503.0,29.85,70.02,0.13,14.18,강원,평창군,2018.0,강원,평창효석문화제,883000000.0,260000000.0,623000000.0,9.0,9.0,평창효석문화제2023
포항국제불빛축제,2018,5,133265.0,127847.0,792.0,261904.0,52380.8,,,,261904.0,50.88,48.81,0.3,0.0,경북,포항시,2018.0,경북,국제불빛축제,800000000.0,60000000.0,740000000.0,7.0,7.0,포항국제불빛축제2018
포항국제불빛축제,2019,3,64250.0,84721.0,165.0,149136.0,49712.0,52380.8,-5.1,261904.0,-112768.0,43.08,56.81,0.11,-43.06,경북,포항시,2019.0,경북,국제불빛축제,940000000.0,140000000.0,800000000.0,5.0,6.0,포항국제불빛축제2019
포항국제불빛축제,2023,3,73874.0,126858.0,36.0,200768.0,66922.6667,49712.0,34.6,149136.0,51632.0,36.8,63.19,0.02,34.62,경북,포항시,2022.0,경북,국제불빛축제,370895000.0,0.0,370895000.0,9.0,9.0,포항국제불빛축제2023
하동야생차문화축제,2018,4,8621.0,39801.0,83.0,48505.0,12126.25,,,,48505.0,17.77,82.06,0.17,0.0,경남,하동군,2018.0,경남,하동야생차문화축제,525000000.0,0.0,525000000.0,5.0,5.0,하동야생차문화축제2018
하동야생차문화축제,2019,4,10381.0,31010.0,93.0,41484.0,10371.0,12126.25,-14.5,48505.0,-7021.0,25.02,74.75,0.22,-14.47,경남,하동군,2019.0,경남,하동야생차문화축제,701687000.0,0.0,701687000.0,5.0,5.0,하동야생차문화축제2019
하동야생차문화축제,2022,5,13412.0,51927.0,2.0,65341.0,13068.2,10371.0,26.0,41484.0,23857.0,20.53,79.47,0.0,57.51,경남,하동군,2022.0,경남,하동야생차문화축제,618091890.0,0.0,618091890.0,5.0,5.0,하동야생차문화축제2022
한산모시문화제,2018,4,20801.0,19163.0,15.0,39979.0,9994.75,,,,39979.0,52.03,47.93,0.04,0.0,충남,서천군,2018.0,충남,한산모시문화제,1082710030.0,170000000.0,912710030.0,6.0,6.0,한산모시문화제2018
한산모시문화제,2019,4,19404.0,18231.0,55.0,37690.0,9422.5,9994.75,-5.7,39979.0,-2289.0,51.48,48.37,0.15,-5.73,충남,서천군,2019.0,충남,한산모시문화제,1193000000.0,110000000.0,1083000000.0,6.0,6.0,한산모시문화제2019
한산모시문화제,2022,3,21062.0,17472.0,4.0,38538.0,12846.0,9422.5,36.3,37690.0,848.0,54.65,45.34,0.01,2.25,충남,서천군,2022.0,충남,한산모시문화제,1461548430.0,45000000.0,1416548430.0,6.0,6.0,한산모시문화제2022
한산모시문화제,2023,3,14713.0,15316.0,1.0,30030.0,10010.0,12846.0,-22.1,38538.0,-8508.0,48.99,51.0,0.0,-22.08,충남,서천군,2023.0,충남,한산모시문화제,831449000.0,0.0,831449000.0,6.0,6.0,한산모시문화제2023
한성백제문화제,2018,3,47308.0,64216.0,1960.0,113484.0,37828.0,,,,113484.0,41.69,56.59,1.73,0.0,서울,송파구,2018.0,서울,한성백제문화제,484827810.0,0.0,484827810.0,10.0,10.0,한성백제문화제2018
한성백제문화제,2019,3,42456.0,71618.0,610.0,114684.0,38228.0,37828.0,1.1,113484.0,1200.0,37.02,62.45,0.53,1.06,서울,송파구,2019.0,서울,한성백제문화제,695733550.0,220000000.0,475733550.0,9.0,9.0,한성백제문화제2019
한성백제문화제,2022,3,43820.0,109174.0,128.0,153122.0,51040.6667,38228.0,33.5,114684.0,38438.0,28.62,71.3,0.08,33.52,서울,송파구,2022.0,서울,한성백제문화제,1310823320.0,220000000.0,1090823320.0,9.0,10.0,한성백제문화제2022
한성백제문화제,2023,3,62333.0,114060.0,629.0,177022.0,59007.3333,51040.6667,15.6,153122.0,23900.0,35.21,64.43,0.36,15.61,서울,송파구,2023.0,서울,한성백제문화제,1256519000.0,85000000.0,1171519000.0,9.0,9.0,한성백제문화제2023
함평나비축제,2018,11,66910.0,181706.0,61.0,248677.0,22607.0,,,,248677.0,26.91,73.07,0.02,0.0,전남,함평군,2018.0,전남,함평나비대축제,977834000.0,799637000.0,178197000.0,4.0,5.0,함평나비축제2018
함평나비축제,2019,11,63151.0,218551.0,89.0,281791.0,25617.3636,22607.0,13.3,248677.0,33114.0,22.41,77.56,0.03,13.32,전남,함평군,2019.0,전남,함평나비대축제,890901000.0,954698000.0,-63797000.0,4.0,5.0,함평나비축제2019
함평나비축제,2022,10,68659.0,180040.0,3.0,248702.0,24870.2,25617.3636,-2.9,281791.0,-33089.0,27.61,72.39,0.0,-11.74,전남,함평군,2022.0,전남,함평나비대축제,951548780.0,0.0,951548780.0,4.0,5.0,함평나비축제2022
함평나비축제,2023,10,82511.0,181852.0,42.0,264405.0,26440.5,24870.2,6.3,248702.0,15703.0,31.21,68.78,0.02,6.31,전남,함평군,2023.0,전남,함평나비대축제,1285900000.0,0.0,1285900000.0,4.0,5.0,함평나비축제2023
화성뱃놀이축제,2018,9,82569.0,158957.0,574.0,242100.0,26900.0,,,,242100.0,34.11,65.66,0.24,0.0,경기,화성시,2018.0,경기,화성뱃놀이축제,1958143740.0,0.0,1958143740.0,5.0,6.0,화성뱃놀이축제2018
화성뱃놀이축제,2019,5,42654.0,90590.0,295.0,133539.0,26707.8,26900.0,-0.7,242100.0,-108561.0,31.94,67.84,0.22,-44.84,경기,화성시,2019.0,경기,화성뱃놀이축제,2196916980.0,168348670.0,2028568310.0,6.0,6.0,화성뱃놀이축제2019
화성뱃놀이축제,2022,3,42599.0,78960.0,26.0,121585.0,40528.3333,26707.8,51.7,133539.0,-11954.0,35.04,64.94,0.02,-8.95,경기,화성시,2022.0,경기,화성뱃놀이축제,1585820939.0,0.0,1585820939.0,9.0,9.0,화성뱃놀이축제2022
화성뱃놀이축제,2023,3,46792.0,78035.0,88.0,124915.0,41638.3333,40528.3333,2.7,121585.0,3330.0,37.46,62.47,0.07,2.74,경기,화성시,2022.0,경기,화성뱃놀이축제,1585820939.0,0.0,1585820939.0,9.0,9.0,화성뱃놀이축제2023
화천산천어축제,2018,23,130109.0,286548.0,4792.0,421449.0,18323.8696,,,,421449.0,30.87,67.99,1.14,0.0,강원,화천군,2018.0,강원,얼음나라 화천 산천어 축제,5147216936.0,0.0,5147216936.0,1.0,1.0,화천산천어축제2018
화천산천어축제,2019,23,149831.0,315088.0,15023.0,479942.0,20867.0435,18323.8696,13.9,421449.0,58493.0,31.22,65.65,3.13,13.88,강원,화천군,2019.0,강원,얼음나라 화천 산천어 축제,5268486000.0,3053558000.0,2214928000.0,1.0,1.0,화천산천어축제2019
화천산천어축제,2023,23,215883.0,289568.0,312.0,505763.0,21989.6957,20867.0435,5.4,479942.0,25821.0,42.68,57.25,0.06,5.38,강원,화천군,2023.0,강원,얼음나라화천 산천어축제,3261309262.0,0.0,3261309262.0,1.0,1.0,화천산천어축제2023
횡성한우축제,2018,5,74833.0,102837.0,175.0,177845.0,35569.0,,,,177845.0,42.08,57.82,0.1,0.0,강원,횡성군,2018.0,강원,횡성한우축제,2029171000.0,40000000.0,1989171000.0,10.0,10.0,횡성한우축제2018
횡성한우축제,2019,5,69440.0,103929.0,1748.0,175117.0,35023.4,35569.0,-1.5,177845.0,-2728.0,39.65,59.35,1.0,-1.53,강원,횡성군,2019.0,강원,횡성한우축제,2134683980.0,0.0,2134683980.0,10.0,10.0,횡성한우축제2019
횡성한우축제,2022,5,92932.0,105690.0,16.0,198638.0,39727.6,35023.4,13.4,175117.0,23521.0,46.78,53.21,0.01,13.43,강원,횡성군,2020.0,강원,횡성한우축제,1213455000.0,141440.0,1213313560.0,10.0,10.0,횡성한우축제2022
횡성한우축제,2023,5,90823.0,93957.0,54.0,184834.0,36966.8,39727.6,-6.9,198638.0,-13804.0,49.14,50.83,0.03,-6.95,강원,횡성군,2020.0,강원,횡성한우축제,1213455000.0,141440.0,1213313560.0,10.0,10.0,횡성한우축제2023
