,Festival,name_year,month,year,visitors,cost,date,visit/cost,target,Fe_festival_conc,Fe_foreigner,Fe_local,Fe_navi,Fe_tour_fee,non_festival_conc,non_foreigner,non_local,non_navi,non_tour_fee,축제기간(일),도,index_y
0,강경젓갈축제,강경젓갈축제2018,10,2018,110041,825000000.0,2018-10-01,0.000133383030303,old,0.8174422845846621,0.6251651098539667,0.921656050955414,0.5718918918918918,0.6167623393535829,0.4398701222635692,0.3153189054071834,0.5561146496815287,0.3015765765765765,0.6160541637166473,5.0,충남,강경젓갈축제2018
1,강경젓갈축제,강경젓갈축제2022,10,2022,127900,1003000000.0,2022-10-01,0.000127517447657,old,0.8518316427809448,0.704742555823451,0.8751915455746367,0.6355108877721942,0.7225198536002919,0.4711207588695973,0.3479069890481985,0.5698877146631439,0.2863693467336684,0.6993505726757537,5.0,충남,강경젓갈축제2022
2,강경젓갈축제,강경젓갈축제2023,10,2023,124299,1178086190.0,2023-10-01,0.0001055092581978,old,0.9037781658108144,0.7281869334343932,0.9514649681528664,0.6626766985864113,0.6840691390540836,0.3590108246443038,0.2716665527451776,0.4718391719745223,0.176157090743274,0.629403445300563,4.0,충남,강경젓갈축제2023
3,강릉커피축제,강릉커피축제2018,10,2018,144268,390445000.0,2018-10-01,0.0003694963439152,family,0.8337446244858797,0.4780737468570505,0.6597930385700846,0.4463705308775731,0.5821279497858739,0.5678746044256098,0.3461583210306567,0.4641110065851364,0.2925514626218851,0.6167035805540546,5.0,강원,강릉커피축제2018
4,강릉커피축제,강릉커피축제2019,10,2019,160896,440000000.0,2019-10-01,0.0003656727272727,family,0.6918116482470751,0.5064940582798426,0.8607151559454191,0.495819397993311,0.5791599682410935,0.5317835170980338,0.3965214750042489,0.7484580592105263,0.2844899665551839,0.6002881710496084,4.0,강원,강릉커피축제2019
5,강진청자축제,강진청자축제2018,7,2018,58630,1320000000.0,2018-07-01,4.441666666666666e-05,old,0.8242323088716453,0.632582603495031,0.8408289241622575,0.3510091017016225,0.6698716178741735,0.361778854400716,0.1601176480226775,0.2209362139917695,0.1000197863078749,0.4686607287105978,7.0,전남,강진청자축제2018
6,강진청자축제,강진청자축제2019,10,2019,54944,1265500000.0,2019-10-01,4.341683129197945e-05,old,0.7559743908210466,0.5293038523188306,0.6406627166995831,0.4285714285714286,0.5338300874713042,0.3178777482838746,0.2061953078864014,0.1718784287908711,0.1910505430242272,0.548909891076184,7.0,전남,강진청자축제2019
7,강진청자축제,강진청자축제2023,2,2023,84057,949740970.0,2023-02-01,8.850518473473878e-05,old,0.7933939779666782,0.5615631045166738,0.6777560339204175,0.5613275613275613,0.5217729403176984,0.2168729645700472,0.1016054665318318,0.1502364644487932,0.1159211159211159,0.4606036215595241,7.0,전남,강진청자축제2023
8,고령대가야축제,대가야체험축제2018,4,2018,80024,1376548000.0,2018-04-01,5.813382461054754e-05,old,0.930595012673899,0.5296110549862895,0.9229802513464992,0.46484375,0.501852097362916,0.6845130234980231,0.3248374885745899,0.7989452423698384,0.2708565848214285,0.506533322220396,4.0,경북,대가야체험축제2018
9,고령대가야축제,대가야체험축제2019,4,2019,91529,1250225000.0,2019-04-01,7.321002219600472e-05,old,0.9043700995529717,0.6213223329895726,0.9376319493314568,0.4436141304347826,0.6569431333780671,0.6231964479002174,0.3241351552652687,0.8043741203377903,0.2257557744565217,0.6438572434064702,4.0,경북,대가야체험축제2019
10,곡성세계장미축제,곡성세계장미축제2018,5,2018,315737,300000000.0,2018-05-01,0.0010524566666666,old,0.9430465195009992,0.5462605875961232,0.7435571687840291,0.4767247915087187,0.7014291488775972,0.4236028229126618,0.0936589552366616,0.3811025408348457,0.1399355572403335,0.4175126748185482,,,
11,곡성세계장미축제,곡성세계장미축제2019,5,2019,255493,410000000.0,2019-05-01,0.0006231536585365,old,0.920455115152379,0.5290700190512031,0.5913279132791328,0.315079365079365,0.697391584213783,0.4232400327285162,0.1370131359221017,0.3235772357723577,0.2030483405483405,0.4991702234044577,,,
12,곡성세계장미축제,곡성세계장미축제2022,5,2022,298541,820000000.0,2022-05-01,0.0003640743902439,old,0.8635298196980853,0.4226980405664804,0.6084362570651036,0.4345939800131649,0.7280264603055301,0.4923643481852679,0.1636319182705045,0.5183101825278383,0.1972319758474715,0.5586677482146923,,,
13,곡성세계장미축제,곡성세계장미축제2023,5,2023,296406,745000000.0,2023-05-01,0.0003978604026845,old,0.8797230560785831,0.5203538407856039,0.7805705474171164,0.427351164797239,0.6280574677674642,0.3702187948554648,0.1032140072778026,0.4861218195836546,0.1436367558239862,0.422566995209939,,,
14,관악강감찬축제,관악강감찬축제2019,10,2019,113549,501226650.0,2019-10-01,0.0002265422239619,youth,0.91174326659245,0.5655779574961174,0.7482317347397687,0.5136116152450091,0.4623171832200566,0.8448005109403021,0.7044093749892866,0.8520892105155566,0.3692528735632184,0.4597589847111865,3.0,서울,관악강감찬축제2019
15,관악강감찬축제,관악강감찬축제2022,10,2022,148413,520000000.0,2022-10-01,0.0002854096153846,youth,0.8832334452993326,0.7916222154647334,0.9409722222222222,0.7666143380429095,0.4159668651089432,0.8491670115171439,0.7646187332867042,0.8331965202294686,0.516941391941392,0.4137220760649547,3.0,서울,관악강감찬축제2022
16,관악강감찬축제,관악강감찬축제2023,10,2023,136320,570000000.0,2023-10-01,0.0002391578947368,youth,0.9039138704089976,0.7633302320005125,0.8458097928436912,0.754930966469428,0.3652011158928699,0.8025355696463163,0.6847773564705552,0.7072789155681104,0.3905325443786982,0.3743560713468901,3.0,서울,관악강감찬축제2023
17,광안리어방축제,광안리어방축제2018,4,2018,154311,669083900.0,2018-04-01,0.0002306302692382,youth,0.7298560531061457,0.3842548722047813,0.7730055292259084,0.4115077571923482,0.5999678174281522,0.7253397573708956,0.3423964837490201,0.7668777152448658,0.3872382888989306,0.566105308682736,3.0,부산,광안리어방축제2018
18,광안리어방축제,광안리어방축제2019,4,2019,127404,726262270.0,2019-04-01,0.0001754242306983,youth,0.6835701723449772,0.2917736999253076,0.7685274819834356,0.3261603375527426,0.4514950574072975,0.6967838595268532,0.3103837248365799,0.7849037323867915,0.3297995780590717,0.396783843332167,3.0,부산,광안리어방축제2019
19,광안리어방축제,광안리어방축제2022,10,2022,173564,775000000.0,2022-10-01,0.000223953548387,youth,0.7405185281516058,0.4913245032307841,0.9421798207574444,0.4582900657667013,0.6655855923904964,0.728368451978328,0.4781691252163804,0.806446949985545,0.4341034960193839,0.602239141778432,3.0,부산,광안리어방축제2022
20,광안리어방축제,광안리어방축제2023,5,2023,179811,1075000000.0,2023-05-01,0.0001672660465116,youth,0.7733864247278199,0.4232586474235793,0.9121574489287494,0.4845148585750089,0.5227804943533433,0.659775415052449,0.3412578658989451,0.7734990034877928,0.4654605263157895,0.5439730947530688,3.0,부산,광안리어방축제2023
21,광주김치축제,광주세계김치축제2018,10,2018,81897,896642900.0,2018-10-01,9.133736518741184e-05,family,0.6708941003873343,0.6664298672317746,0.7912400455062572,0.7719298245614035,0.5947018728921687,0.5558618289114604,0.515136099471817,0.7599971558589306,0.2480811403508772,0.5888228608051725,4.0,광주,광주세계김치축제2018
22,광주김치축제,광주세계김치축제2019,10,2019,70285,1133952100.0,2019-10-01,6.198233593817587e-05,family,0.7142414417255862,0.7215009445303109,0.717806871965087,0.9344569288389514,0.6197900927460004,0.6114525979867615,0.5690509923701577,0.7235155817813018,0.2763342696629213,0.62853238715721,3.0,광주,광주세계김치축제2019
23,광주김치축제,광주세계김치축제2022,10,2022,329338,1013233150.0,2022-10-01,0.0003250367400632,family,0.91530846877825,0.7245499298970562,0.8349537716466099,0.60034046692607,0.732330767278359,0.8796595896981744,0.677731085329242,0.8259282359847373,0.5922239785992218,0.7215143451102253,4.0,광주,광주세계김치축제2022
24,광주김치축제,광주세계김치축제2023,11,2023,308863,1163876000.0,2023-11-01,0.0002653744900659,family,0.8971978428001401,0.6509120504998235,0.8156252407735572,0.613810145468109,0.6815929592566461,0.8246826566957511,0.6235409304667623,0.7772531589490715,0.5180086721372622,0.704412501773557,4.0,광주,광주세계김치축제2023
25,괴산고추축제,괴산고추축제2018,8,2018,91907,0.0,2018-08-01,inf,old,0.5657146466292158,0.5160470600908731,0.8970781352593565,0.6224944320712695,0.7052366363558003,0.3406206953215202,0.3284749233426822,0.6787795469468155,0.3569042316258352,0.7125767084010165,4.0,충북,괴산고추축제2018
26,괴산고추축제,괴산고추축제2019,8,2019,111098,991815790.0,2019-08-01,0.0001120147522555,old,0.5728491496916548,0.6540713287227782,0.7725919913419913,0.6002317497103129,0.8048370524685602,0.3585586793020293,0.3920710482268982,0.5489380411255411,0.3253186558516802,0.667929132926709,4.0,충북,괴산고추축제2019
27,괴산고추축제,괴산고추축제2022,9,2022,111684,1129331000.0,2022-09-01,9.8893946947352e-05,old,0.8041715280593973,0.5655360848997462,0.8982638021483887,0.5475129918337045,0.671617524572367,0.5611632780545533,0.4872019115386714,0.6651417686734948,0.369408871566444,0.7500434926919153,4.0,충북,괴산고추축제2022
28,괴산고추축제,괴산고추축제2023,8,2023,132859,1140000000.0,2023-08-01,0.0001165429824561,old,0.7293824238645986,0.6713327952238726,0.8847413994851393,0.6138379657007688,0.7157441446900036,0.4351946076131045,0.4258933322232375,0.603111104610344,0.3153829095209935,0.7138161074090729,4.0,충북,괴산고추축제2023
29,군산시간여행축제,군산시간여행축제2018,9,2018,129552,653087850.0,2018-09-01,0.0001983684124578,old,0.8205208098024837,0.5549796900971925,0.9695511067352224,0.3126377663482733,0.6557715140744463,0.6823806376820806,0.4652752748414216,0.696354337599825,0.3537227528777859,0.6169788893168732,3.0,전북,군산시간여행축제2018
30,군산시간여행축제,군산시간여행축제2019,10,2019,143977,637788680.0,2019-10-01,0.0002257440505215,old,0.7868717064745331,0.7149702520682968,0.9873004910988336,0.6192138286379124,0.7272268132588486,0.5079225387662575,0.4724621088538227,0.6825506445672191,0.3364393750519405,0.702270378911259,3.0,전북,군산시간여행축제2019
31,군산시간여행축제,군산시간여행축제2022,10,2022,210941,817596300.0,2022-10-01,0.0002580014121883,old,0.8634599611557352,0.7453675401958858,0.8314392296347706,0.5339811407543699,0.7199899593935373,0.6557215523707736,0.5411588373467726,0.7571896417107661,0.3115656623735051,0.6684808950764434,4.0,전북,군산시간여행축제2022
32,군산시간여행축제,군산시간여행축제2023,10,2023,255195,880673950.0,2023-10-01,0.0002897723953342,old,0.8728208437890105,0.4713095648245882,0.9230354058721936,0.4957304256437204,0.7364247569604678,0.708172708037431,0.3810643339743555,0.7675500143926309,0.3480934708355228,0.746033213839228,4.0,전북,군산시간여행축제2023
33,금산인삼축제,금산인삼축제2018,10,2018,440615,2124975949.0,2018-10-01,0.0002073505821124,old,0.8410082701549336,0.5259041866695918,0.955241497126883,0.4691252144082333,0.7590880718505624,0.4189207855445297,0.2201447445499079,0.8441023450846404,0.2132075471698113,0.6095296321559631,10.0,충남,금산인삼축제2018
34,금산인삼축제,금산인삼축제2022,9,2022,567511,2500000000.0,2022-09-01,0.0002270044,old,0.8838125601675475,0.4980149050705071,0.8833933903016576,0.4806022003474233,0.746487641549093,0.4969584821373173,0.2110829505945554,0.7918845876660145,0.20203025477707,0.5873454159637208,11.0,충남,금산인삼축제2022
35,금산인삼축제,금산인삼축제2023,10,2023,551499,3500000000.0,2023-10-01,0.0001575711428571,old,0.9369444268792042,0.5914142859001488,0.9304838003502628,0.4865291262135922,0.7629366801801688,0.543397290844728,0.275096829568672,0.7897301882661996,0.1335558252427184,0.6527254845020375,10.0,충남,금산인삼축제2023
36,금호강바람소리길축제,금호강바람소리길축제2022,9,2022,129140,319564360.0,2022-09-01,0.0004041126488573,old,0.8089831302453829,0.7998762639134279,0.8633635161257504,0.7207732433261737,0.6716411533117163,0.6334097253745505,0.5994034591278646,0.691041815037135,0.5244515188708193,0.6810326270172614,,,
37,금호강바람소리길축제,금호강바람소리길축제2023,9,2023,200119,469442320.0,2023-09-01,0.0004262909232384,old,0.8126759911901263,0.6648056803578754,0.8928834631035919,0.4207604773799611,0.6970123605382115,0.6467561959831161,0.515026562642772,0.7596406485308724,0.2859509436580627,0.607442439539369,,,
38,김제지평선축제,김제지평선축제2018,10,2018,113264,1999700000.0,2018-10-01,5.664049607441116e-05,old,0.798446850526963,0.5853118314819719,0.7209947946790053,0.5836671802773498,0.534133233689089,0.0824503192350929,0.0562841220007312,0.0590225563909774,0.0792758089368258,0.6201414711024889,5.0,전북,김제지평선축제2018
39,김제지평선축제,김제지평선축제2019,9,2019,184454,2299000000.0,2019-09-01,8.023227490213136e-05,old,0.7805223380513496,0.6114241443988365,0.7029733424470266,0.6318532818532818,0.6297395249552381,0.0920263808697716,0.0639761328730258,0.0857997265892002,0.1035714285714285,0.6504534237700565,10.0,전북,김제지평선축제2019
40,김제지평선축제,김제지평선축제2022,9,2022,148167,2069839350.0,2022-09-01,7.158381639618553e-05,old,0.8163193813675444,0.568737435026095,0.8529426622884566,0.5374066530889342,0.5802880182869888,0.0860947871131162,0.044994275623767,0.0883809042687547,0.0545145960624575,0.5748948941530345,5.0,전북,김제지평선축제2022
41,김제지평선축제,김제지평선축제2023,10,2023,146651,2034103760.0,2023-10-01,7.209612551918197e-05,old,0.854279788118868,0.660669415939388,0.9082962138084631,0.5850267379679144,0.7102398571223837,0.0887070230051206,0.0513505341163104,0.0896297327394209,0.0300880780119534,0.7057985301554005,5.0,전북,김제지평선축제2023
42,김해분청도자기축제,김해분청도자기축제2018,10,2018,155060,363307500.0,2018-10-01,0.0004268009881436,old,0.6955159647111253,0.4192162554426705,0.9090074178735428,0.5391923990498813,0.5701145081061008,0.4907647509801342,0.2733215610385422,0.689994701518898,0.2678741092636579,0.5822653826177769,10.0,경남,김해분청도자기축제2018
43,김해분청도자기축제,김해분청도자기축제2022,10,2022,183089,381290000.0,2022-10-01,0.0004801830627606,old,0.7967098474924696,0.8380445914680564,0.855561317085818,0.6965367965367966,0.7149269476251017,0.5977720176002971,0.6082145930303203,0.7242675654653876,0.4874458874458874,0.7119073794378732,10.0,경남,김해분청도자기축제2022
44,김해분청도자기축제,김해분청도자기축제2023,10,2023,165280,386209830.0,2023-10-01,0.000427953892318,old,0.8288947582460281,0.7658796235095048,0.7690571715145437,0.6153191489361702,0.6616769134177883,0.5735130317017287,0.5441421502789308,0.6350614343029087,0.2830585106382978,0.65547094447685,10.0,경남,김해분청도자기축제2023
45,남원춘향제,춘향제2018,5,2018,85227,1265844820.0,2018-05-01,6.732815796489178e-05,old,0.9059240338966088,0.6086427539622795,0.7666223404255319,0.6226254002134471,0.5995835591961097,0.637811094141279,0.2640424406421029,0.6832446808510638,0.2270811099252934,0.5172365484916145,5.0,전북,춘향제2018
46,남원춘향제,춘향제2019,5,2019,77936,1212000000.0,2019-05-01,6.43036303630363e-05,old,0.8073655923678906,0.5907020606020497,0.7150814814814814,0.3954545454545454,0.6773325996892173,0.727367244765047,0.3802776559927865,0.6720518518518519,0.2492086038961039,0.6363888511708297,5.0,전북,춘향제2019
47,남원춘향제,춘향제2022,5,2022,110546,975658000.0,2022-05-01,0.0001133040471148,old,0.8906927941149276,0.6851240276825672,0.8219364231982529,0.6209382716049383,0.7755838401328046,0.5301223465016583,0.2222483466761811,0.6069157971366174,0.2442469135802469,0.604311206425206,5.0,전북,춘향제2022
48,남원춘향제,춘향제2023,5,2023,134535,1879723670.0,2023-05-01,7.157169010911056e-05,old,0.8004041788826547,0.479434309457076,0.8011911852293032,0.4493129770992367,0.698686384639879,0.4557050035842006,0.1816015327790223,0.6025213420686917,0.1698664122137404,0.6590507893038128,5.0,전북,춘향제2023
49,담양대나무축제,담양대나무축제2018,5,2018,239956,709129900.0,2018-05-01,0.0003383808805692,family,0.9017656545411749,0.5021974893060135,0.886427298192004,0.3696048632218845,0.6249054751619846,0.7590523428666167,0.2930746731005156,0.7887276122570239,0.1760216143194866,0.4504403212059925,6.0,전남,담양대나무축제2018
50,담양대나무축제,담양대나무축제2019,5,2019,285934,734250000.0,2019-05-01,0.0003894232209737,family,0.956624315370059,0.5849121031926111,0.843553820241923,0.4900958466453674,0.6769443257475631,0.7394872898228205,0.2629820276267917,0.7299609554432706,0.1544295793397231,0.426160544726778,6.0,전남,담양대나무축제2019
51,담양대나무축제,담양대나무축제2023,5,2023,211828,600000000.0,2023-05-01,0.0003530466666666,family,0.7579750365347332,0.4217506115171249,0.7951283308811509,0.2547867298578199,0.6606572602140333,0.7248823627967761,0.3463429910435083,0.7375102174268432,0.2290555179417738,0.589666664484776,5.0,전남,담양대나무축제2023
52,대구약령시한방문화축제,약령시한방문화축제2023,5,2023,138110,20000000.0,2023-05-01,0.0069055,youth,0.7997496199872915,0.6345982164103559,0.667255985267035,0.8276127612761276,0.3655611928081959,0.8028245240406131,0.6783032406554239,0.7578729281767956,0.5951457645764576,0.4179546456265216,3.0,대구,약령시한방문화축제2023
53,대구치맥페스티벌,대구치맥페스티벌2018,7,2018,253716,1848087691.0,2018-07-01,0.0001372856933334,youth,0.8463121115210946,0.5888452455684094,0.9497490589711416,0.2625468164794007,0.5506549814650327,0.5527772204260086,0.3491501509580605,0.769228356336261,0.0989700374531835,0.5371559282785333,5.0,대구,대구치맥페스티벌2018
54,대구치맥페스티벌,대구치맥페스티벌2019,7,2019,249267,1911879081.0,2019-07-01,0.0001303780152611,youth,0.7614579717355543,0.5485594026378695,0.8347051679935231,0.3576592082616179,0.6289531332523196,0.5220572776132734,0.3423578707206586,0.6613075158548104,0.2087349397590361,0.6221468125441452,5.0,대구,대구치맥페스티벌2019
55,대구치맥페스티벌,대구치맥페스티벌2022,7,2022,227404,2182259481.0,2022-07-01,0.0001042057564555,youth,0.8655234345876095,0.7051369198023532,0.9172735760971056,0.6619335347432024,0.6689260788517063,0.3644506709572246,0.3073348229386253,0.6639962651727358,0.2550981873111782,0.6815357227246736,5.0,대구,대구치맥페스티벌2022
56,대구치맥페스티벌,대구치맥페스티벌2023,8,2023,227033,12420856644.0,2023-08-01,1.827836891666165e-05,youth,0.8917956726490691,0.832098991581031,0.8716427331544895,0.5513089005235602,0.6246820410050348,0.4366564740581125,0.3960851920795757,0.5990926305822944,0.2961387434554974,0.611621529104232,5.0,대구,대구치맥페스티벌2023
57,대전사이언스페스티벌,대전사이언스페스티벌2018,10,2018,181305,1215000000.0,2018-10-01,0.0001492222222222,family,0.6975077250992213,0.7345496557220139,0.7636241739297002,0.5359346082665022,0.7105832730412817,0.6083170871046795,0.5826538604251086,0.6819240254764869,0.4238702961135102,0.6805931475690399,4.0,대전,대전사이언스페스티벌2018
58,대전사이언스페스티벌,대전사이언스페스티벌2019,10,2019,170835,1160000000.0,2019-10-01,0.0001472715517241,family,0.6549171538017924,0.6581048923647109,0.7321910545594756,0.605755894590846,0.8244394407801123,0.6311921651973532,0.5913044043935769,0.7332664594177752,0.4519475265834489,0.7661624427917838,4.0,대전,대전사이언스페스티벌2019
59,대전사이언스페스티벌,대전사이언스페스티벌2022,10,2022,211322,1160000000.0,2022-10-01,0.000182174137931,family,0.7759185600070542,0.8191961515780134,0.775376526156314,0.5203333333333333,0.568504060449432,0.7162104842722194,0.7236276644772845,0.7681050040103378,0.478530303030303,0.5333261021895671,4.0,대전,대전사이언스페스티벌2022
60,대전사이언스페스티벌,대전사이언스페스티벌2023,10,2023,166751,1500000000.0,2023-10-01,0.0001111673333333,family,0.8077900697762483,0.8265863343274228,0.7059282154094617,0.7217447555678773,0.7996912228105775,0.6705670630102925,0.6201741613781175,0.6035175284715841,0.5913790315127991,0.776947243030018,3.0,대전,대전사이언스페스티벌2023
61,대전효문화뿌리축제,대전효문화뿌리축제2018,10,2018,113854,829284800.0,2018-10-01,0.0001372917964974,old,0.7567521336640264,0.4972099232859281,0.8329473521692141,0.3443438110459954,0.5903805208706545,0.5787907231552041,0.4303016455368334,0.6500373115125315,0.2866719943171728,0.6962852407465759,,,
62,대전효문화뿌리축제,대전효문화뿌리축제2019,9,2019,151684,799324450.0,2019-09-01,0.0001897652448889,old,0.9398337265090608,0.758822917548165,0.9518078407475116,0.6757062146892655,0.7445758071450959,0.5967784226246754,0.451055682491326,0.6537426366036969,0.378201506591337,0.7210226253015299,,,
63,대전효문화뿌리축제,대전효문화뿌리축제2022,10,2022,125565,815996600.0,2022-10-01,0.0001538793176344,old,0.8584395466750103,0.7763110097935219,0.9108100479819364,0.4393896580955072,0.6115998485439592,0.6949132559834964,0.6172020530856679,0.7514394580863675,0.3630380521804653,0.6321633056051522,3.0,대전,대전효문화뿌리축제2022
64,대전효문화뿌리축제,대전효문화뿌리축제2023,10,2023,124542,1192258000.0,2023-10-01,0.0001044589342239,old,0.9346013705330362,0.7860905929957069,0.9404623530931164,0.6847269624573379,0.6682430389508113,0.6638073113703172,0.5262770754443703,0.6986229497610745,0.4481477531285551,0.6390969886103175,3.0,대전,대전효문화뿌리축제2023
65,동래읍성역사축제,동래읍성역사축제2018,10,2018,202162,485000000.0,2018-10-01,0.0004168288659793,old,0.9539536359689984,0.7567943514472906,0.9612806889606555,0.4559471365638766,0.5874654598692751,0.8515771526983008,0.6691631945492788,0.8029916310726811,0.5188142437591776,0.6090370319583693,3.0,부산,동래읍성역사축제2018
66,동래읍성역사축제,동래읍성역사축제2019,10,2019,215114,446460000.0,2019-10-01,0.0004818214397706,old,0.9595364410568036,0.8324417389165591,0.9571065418154906,0.5602836879432623,0.5600059783723546,0.8451152257246846,0.7316994434471183,0.8010667052804324,0.5949263502454992,0.5754548241946673,3.0,부산,동래읍성역사축제2019
67,동래읍성역사축제,동래읍성역사축제2022,10,2022,216774,585438000.0,2022-10-01,0.0003702766134073,old,0.9853220616143206,0.8819739733794394,0.9610370883082424,0.8136107498916341,0.7480729290690897,0.8460694199751665,0.723627387803551,0.7797881698102325,0.6640117035110533,0.659698434143123,3.0,부산,동래읍성역사축제2022
68,동래읍성역사축제,동래읍성역사축제2023,10,2023,196352,631264000.0,2023-10-01,0.0003110457748263,old,0.8624049095692822,0.7659882912921594,0.9673166202414112,0.6413255360623782,0.6196042447914422,0.7833378709806429,0.708279777058198,0.8245937790157846,0.6194444444444445,0.4942908046109565,3.0,부산,동래읍성역사축제2023
69,목포항구축제,목포항구축제2018,10,2018,51258,602750000.0,2018-10-01,8.504023226876814e-05,old,0.7913034278200568,0.5683014685508452,0.6364861223389922,0.3564870259481038,0.533518249136231,0.6382726054192861,0.5276548078554689,0.5160895535794485,0.4116766467065868,0.6072915795805957,3.0,전남,목포항구축제2018
70,목포항구축제,목포항구축제2019,10,2019,89647,615000000.0,2019-10-01,0.0001457674796747,old,0.8950168705643525,0.7296603475513429,0.8875799883653287,0.4611604311984781,0.6533833560949485,0.6468687239098596,0.5349125679491487,0.5240146887725422,0.2803582752060875,0.6421027586925171,4.0,전남,목포항구축제2019
71,목포항구축제,목포항구축제2022,10,2022,97166,797501000.0,2022-10-01,0.000121838091739,old,0.9746773310706028,0.8472630997165846,0.9792891127903722,0.4596396396396396,0.676577236458869,0.7135965916178857,0.6308641802716406,0.5174923033865099,0.3748873873873873,0.6825329322465812,3.0,전남,목포항구축제2022
72,목포항구축제,목포항구축제2023,10,2023,83906,968421400.0,2023-10-01,8.664203413927036e-05,old,0.9378738711620076,0.6436084978578686,0.9207762007858232,0.4984142880988149,0.6842241263298418,0.6945675691853781,0.4972378833384862,0.5029368134071045,0.3990777833416792,0.6860448107108933,3.0,전남,목포항구축제2023
73,무주반딧불축제,무주반딧불축제2018,9,2018,177496,2849963580.0,2018-09-01,6.228009411965889e-05,family,0.8877406531333111,0.5253360154188137,0.9163287873203096,0.4262198706643151,0.2361085362836039,0.4651921828793003,0.266343561167597,0.731140189212434,0.2583039388594944,0.2403245385335495,9.0,전북,무주반딧불축제2018
74,무주반딧불축제,무주반딧불축제2019,8,2019,145402,2376270290.0,2019-08-01,6.118916716330279e-05,family,0.8888074181456511,0.3703466695318348,0.8981411705601609,0.2661728395061728,0.2604714180706992,0.5121900875995536,0.2905613517272907,0.7151888135309385,0.2262962962962963,0.3163907204169299,9.0,전북,무주반딧불축제2019
75,무주반딧불축제,무주반딧불축제2022,8,2022,174024,2199319210.0,2022-08-01,7.912630381653421e-05,family,0.8273102416350291,0.4602319637266285,0.8812112079790478,0.3176377597109304,0.3719945457718442,0.4590310331076918,0.3229285845132605,0.7182398737129122,0.2846093044263776,0.4130433245119867,9.0,전북,무주반딧불축제2022
76,무주반딧불축제,무주반딧불축제2023,9,2023,207162,2199319210.0,2023-09-01,9.419369369305878e-05,family,0.7817778662139817,0.4567015274047262,0.891325378910029,0.4027108970929195,0.3012149059719137,0.3811369499862803,0.2103321273233773,0.6894281414597442,0.1159116580464895,0.2942451256027238,9.0,전북,무주반딧불축제2023
77,문경찻사발축제,문경전통찻사발축제2018,4,2018,174830,1123725000.0,2018-04-01,0.0001555807693163,old,0.6078430811944981,0.3750827527037498,0.731414994720169,0.3238344683080147,0.6261605836608544,0.5235315079354682,0.224276303484965,0.5595564941921859,0.1812860136196961,0.5269283759374521,10.0,경북,문경전통찻사발축제2018
78,문경찻사발축제,문경전통찻사발축제2019,4,2019,169912,1180000000.0,2019-04-01,0.0001439932203389,old,0.7258678474566586,0.2381346506086273,0.815005931198102,0.3089644513137558,0.6170407130415939,0.6828612677305063,0.1589986335940387,0.7290183867141162,0.1629057187017001,0.4889875031692475,10.0,경북,문경전통찻사발축제2019
79,문경찻사발축제,문경찻사발축제2022,4,2022,167085,1060162640.0,2022-04-01,0.0001576031768106,old,0.5906918510494172,0.2958243885933181,0.6386626854867897,0.3077892023317807,0.6506772451156956,0.5719366865351848,0.2101961803179143,0.557342562432139,0.2188314731815918,0.5474173738563076,9.0,경북,문경찻사발축제2022
80,문경찻사발축제,문경찻사발축제2023,4,2023,206359,1500000000.0,2023-04-01,0.0001375726666666,old,0.644344469964469,0.1898305237025788,0.8725775937004653,0.3206766459778508,0.5985064378975357,0.558485333597377,0.1257057962060929,0.7220049087283326,0.2284668978946087,0.5229682603550678,9.0,경북,문경찻사발축제2023
81,밀양아리랑대축제,밀양아리랑대축제2018,5,2018,114258,2115391460.0,2018-05-01,5.401269796182311e-05,old,0.8326978098295105,0.3822098763641287,0.9088144726712856,0.3666666666666666,0.6856054900280371,0.577283038385313,0.2200506667730408,0.8329195535026944,0.2122023809523809,0.6147697558937687,4.0,경남,밀양아리랑대축제2018
82,밀양아리랑대축제,밀양아리랑대축제2019,5,2019,112121,2217352000.0,2019-05-01,5.056526884319675e-05,old,0.8711049221257373,0.3579163248564397,0.862912779505405,0.255050505050505,0.7447666494484525,0.569348536492323,0.2309028184694714,0.7967292314526877,0.2212752525252525,0.696082057328229,4.0,경남,밀양아리랑대축제2019
83,밀양아리랑대축제,밀양아리랑대축제2022,9,2022,137219,2160000000.0,2022-09-01,6.352731481481482e-05,old,0.8680624081011423,0.450110046890427,0.9359544049459042,0.5214025500910747,0.6752600213842147,0.6369736960574558,0.3244956152478618,0.8528746458011335,0.4823542805100182,0.704831392603289,4.0,경남,밀양아리랑대축제2022
84,밀양아리랑대축제,밀양아리랑대축제2023,5,2023,141763,2200000000.0,2023-05-01,6.443772727272728e-05,old,0.8890168984326021,0.4645192536387791,0.9268747668200472,0.4953900709219858,0.6836024972500592,0.6172523878739528,0.2874386476622089,0.8446749471458774,0.2862145390070922,0.641676754791709,4.0,경남,밀양아리랑대축제2023
85,보령머드축제,보령머드축제2018,7,2018,462312,2852869000.0,2018-07-01,0.0001620516048931,family,0.9057558868865594,0.5716685125212806,0.8011937557392103,0.4148717948717949,0.661946737957879,0.8039552673594624,0.4802946757037916,0.6473829201101928,0.361482905982906,0.6194294674658901,10.0,충남,보령머드축제2018
86,보령머드축제,보령머드축제2019,7,2019,444810,2892180000.0,2019-07-01,0.0001537974814845,family,0.902417798111963,0.5009341820706784,0.7813010025647004,0.3892703862660944,0.5745045313296104,0.8202167457466915,0.4433129433464764,0.6699638610398695,0.3715034082302449,0.5867330079250305,10.0,충남,보령머드축제2019
87,보령머드축제,보령머드축제2022,7,2022,1663609,4542217000.0,2022-07-01,0.0003662548486785,family,0.8551655318039465,0.5465031770107356,0.6692493265458184,0.4271310072416063,0.6386992323002912,0.8194334665270779,0.4393888605120769,0.6385724921419116,0.3384302134646962,0.5826028570158808,31.0,충남,보령머드축제2022
88,보령머드축제,보령머드축제2023,7,2023,841990,4578328000.0,2023-07-01,0.0001839077497287,family,0.9020796221126424,0.5238805240777199,0.8219475168076339,0.308137283796513,0.6685348278599965,0.8373614469451176,0.3455248085981104,0.7469795230199873,0.2294350481224786,0.55243069706895,17.0,충남,보령머드축제2023
89,보성다향대축제,보성다향대축제2018,5,2018,79833,680000000.0,2018-05-01,0.0001174014705882,old,0.7228813668957124,0.4901575644644178,0.7487313432835822,0.4928892889288929,0.5846896028764693,0.5388569402866179,0.2725578878141013,0.6810541044776119,0.2047704770477047,0.4827638505596757,5.0,전남,보성다향대축제2018
90,보성다향대축제,보성다향대축제2019,5,2019,100353,870000000.0,2019-05-01,0.000115348275862,old,0.7210138704406279,0.5736208115368302,0.7844977407021203,0.5220299884659747,0.6952929546890627,0.544552869306858,0.2308303878599369,0.6376346889120612,0.1290657439446366,0.4667524598264237,5.0,전남,보성다향대축제2019
91,보성다향대축제,보성다향대축제2023,4,2023,180034,929003170.0,2023-04-01,0.000193792664884,old,0.7748939626254563,0.5773241251105286,0.7268217893217893,0.3898859376246311,0.5808559318401526,0.4795850684122102,0.2738082367694571,0.5993341149591149,0.1623394751535455,0.5283825538397097,9.0,전남,보성다향대축제2023
92,봉화은어축제,봉화은어축제2018,7,2018,155543,1475114560.0,2018-07-01,0.000105444691699,family,0.6037805824236258,0.5944125226524289,0.827219112355058,0.734375,0.6365339696284434,0.477766591400675,0.1819981086439719,0.7500749700119952,0.0460286458333333,0.4072757538950747,8.0,경북,봉화은어축제2018
93,봉화은어축제,봉화은어축제2019,7,2019,202350,2031275630.0,2019-07-01,9.961720458389982e-05,family,0.7658273178189308,0.7418319864500842,0.7244128420599009,0.5932932072227,0.7177428042698355,0.5006052313795031,0.2061825150679748,0.6267417223299576,0.0392662654055603,0.5093119497351782,9.0,경북,봉화은어축제2019
94,봉화은어축제,봉화은어축제2022,7,2022,183781,1660122016.0,2022-07-01,0.0001107033086898,family,0.8482920686706394,0.5675924350389696,0.7956454857413324,0.5601717659688674,0.6595601047848468,0.6014255033947629,0.198466800977578,0.7038121721295311,0.0648953301127214,0.51560816495662,9.0,경북,봉화은어축제2022
95,부안마실축제,부안마실축제2018,5,2018,117697,886684960.0,2018-05-01,0.0001327382388441,old,0.732333950681901,0.6534747386796761,0.9197171855399704,0.601145038167939,0.8112744532554498,0.4726828859516942,0.2347434653913296,0.810119454897936,0.2227258269720101,0.5606289779739526,3.0,전북,부안마실축제2018
96,부안마실축제,부안마실축제2019,5,2019,125585,906075000.0,2019-05-01,0.0001386033165024,old,0.802367678644254,0.7942363368900659,0.9478609625668448,0.7330282227307399,0.8414204199393425,0.4948567208228669,0.240536829684585,0.7767101158645277,0.1704805491990846,0.4901441861439959,3.0,전북,부안마실축제2019
97,부안마실축제,부안마실축제2023,5,2023,103738,1090204320.0,2023-05-01,9.515464037053164e-05,old,0.8284761883261957,0.4908745667830501,0.8612270544410036,0.5270546197039306,0.5239237254094875,0.5444970772061055,0.2463377952129259,0.8065448139670571,0.2447996426748341,0.4645896872843907,3.0,전북,부안마실축제2023
98,부천국제만화축제,부천국제만화축제2019,8,2019,628997,724273000.0,2019-08-01,0.0008684529176153,family,0.8514668401784965,0.6821513256902239,0.7762684377171982,0.7304831885994211,0.7076722932970541,0.8144388096356545,0.6365985128053049,0.75103482894432,0.5730015586729014,0.6866862310343782,5.0,경기,부천국제만화축제2019
99,부천국제만화축제,부천국제만화축제2022,9,2022,497588,494486717.0,2022-09-01,0.0010062717215516,family,0.9112075445773424,0.7642221883929032,0.8850932857088574,0.7116579791499599,0.6992667892052808,0.8636217448385354,0.7386553840193189,0.8880405251358438,0.5715028568564555,0.6845453049971592,4.0,경기,부천국제만화축제2022
100,부천국제만화축제,부천국제만화축제2023,9,2023,482310,680039619.0,2023-09-01,0.000709238089259,family,0.8296378685568608,0.6705993574601422,0.8731965734896303,0.6374247674630676,0.7203971352098165,0.8002464093387224,0.6496152926242434,0.8520250976856026,0.5587155754149188,0.693165814060788,4.0,경기,부천국제만화축제2023
101,부평풍물대축제,부평풍물대축제2018,10,2018,276220,625851010.0,2018-10-01,0.0004413510493495,youth,0.9272621851839972,0.8012970387828368,0.9057213132285318,0.6488240064882401,0.6676327321321261,0.7408302115871033,0.6482885598299827,0.6994733183616726,0.5819140308191403,0.6799456773076286,3.0,인천,부평풍물대축제2018
102,부평풍물대축제,부평풍물대축제2022,9,2022,271054,599488840.0,2022-09-01,0.0004521418613897,youth,0.8811968093758263,0.806579934539545,0.8469511963178517,0.7959183673469388,0.7130257629879612,0.7130011631561011,0.6405546038851259,0.6468270949826924,0.704527048914804,0.6967383845194454,3.0,인천,부평풍물대축제2022
103,부평풍물대축제,부평풍물대축제2023,9,2023,259628,703710000.0,2023-09-01,0.0003689417515738,youth,0.912249343096288,0.7926226361002706,0.8862062269402551,0.8054020871700429,0.6151490513265732,0.7933462153377115,0.6198818245944826,0.6650592271344423,0.676488643339472,0.5781954693572352,3.0,인천,부평풍물대축제2023
104,산청한방약초축제,산청한방약초축제2018,9,2018,86886,2034511832.0,2018-09-01,4.270606768336553e-05,old,0.8930729544885448,0.4399713896253688,0.611389902676399,0.3958868894601542,0.4876185360875799,0.5560933640712484,0.2965841684267289,0.4594358272506083,0.2083868894601542,0.507987834023852,12.0,경남,산청한방약초축제2018
105,산청한방약초축제,산청한방약초축제2019,9,2019,88394,2167000000.0,2019-09-01,4.079095523765575e-05,old,0.7727834935311152,0.4431033511898282,0.75776453593355,0.369990156096189,0.4899188723518809,0.5036441021804242,0.2734371187350544,0.5970115565185987,0.1829911404865701,0.4609233813126922,13.0,경남,산청한방약초축제2019
106,산청한방약초축제,산청한방약초축제2022,9,2022,125311,2394390740.0,2022-09-01,5.233523413977119e-05,old,0.8797690015203583,0.4645364580554961,0.8257703510654607,0.419496935648621,0.6696071407835829,0.5311505652844466,0.2221353528966778,0.5943775869998467,0.1645173646578141,0.5483716891161378,11.0,경남,산청한방약초축제2022
107,산청한방약초축제,산청한방약초축제2023,10,2023,71284,2840643500.0,2023-10-01,2.5094314017228843e-05,old,0.9076902390504864,0.4237753183216203,0.6741851368970013,0.451964898893552,0.7089128086479368,0.6544095929188943,0.2704550452383229,0.5747555410691004,0.2122853872567722,0.6133483110575703,5.0,경남,산청한방약초축제2023
108,서산해미읍성축제,서산해미읍성축제2018,10,2018,86581,880000000.0,2018-10-01,9.83875e-05,old,0.8953266858815289,0.6008045622688039,0.7893002383957369,0.7002059429243895,0.6739317502138823,0.681710241940196,0.4080162094122482,0.4537407095778993,0.3145042659605766,0.6840932478570354,3.0,충남,서산해미읍성축제2018
109,서산해미읍성축제,서산해미읍성축제2019,10,2019,98410,900000000.0,2019-10-01,0.0001093444444444,old,0.9210418299159948,0.6234824947498633,0.7463289280469897,0.5419243986254295,0.6958310659975074,0.6855172535030915,0.4559039090144128,0.4329876407244249,0.2468499427262314,0.6969007367072355,3.0,충남,서산해미읍성축제2019
110,서산해미읍성축제,서산해미읍성축제2022,10,2022,86188,1114648150.0,2022-10-01,7.732305481330589e-05,old,0.808377283402167,0.5937930281591357,0.7694465697526142,0.6058413719185423,0.7337534315594704,0.704322039379302,0.5082008217655913,0.5063520147921449,0.3329816452304394,0.7248456197361107,3.0,충남,서산해미읍성축제2022
111,서산해미읍성축제,서산해미읍성축제2023,10,2023,90221,1643717000.0,2023-10-01,5.4888402322297575e-05,old,0.7991739929710573,0.6052041669404007,0.8564891846921797,0.7183411826268968,0.7363213276347862,0.5797148102309431,0.4313821705433846,0.4769308097615086,0.3094093406593406,0.7351784620022439,3.0,충남,서산해미읍성축제2023
112,석장리세계구석기축제,석장리구석기축제2018,5,2018,66991,700000000.0,2018-05-01,9.570142857142856e-05,family,0.6767639505424986,0.6734713430282293,0.8355207451312447,0.5493039443155452,0.2235552346015005,0.4827536847157205,0.3457277587681779,0.6923290643522438,0.1233686194895591,0.2529512453940635,,,
113,석장리세계구석기축제,석장리구석기축제2019,5,2019,87852,600000000.0,2019-05-01,0.00014642,family,0.8755856909977946,0.7140228614563394,0.9582692307692308,0.7280600461893765,0.14886854176622,0.4875961240886088,0.280461610007279,0.7777644230769231,0.1644413972286374,0.1538385767161184,,,
114,석장리세계구석기축제,석장리구석기축제2022,5,2022,76794,1075376710.0,2022-05-01,7.141125457329274e-05,family,0.8644355888225489,0.8790229302312226,0.8784336167429693,0.6542372881355932,0.1812690041147922,0.688926107877349,0.4935171947571123,0.8245891922825376,0.1758686440677966,0.1871626784741552,,,
115,석장리세계구석기축제,석장리구석기축제2023,5,2023,53969,1022123400.0,2023-05-01,5.2800865335829314e-05,family,0.6112745373315274,0.6132227783412697,0.8217097862767154,0.8305243445692885,0.1235531548713757,0.5300955841900935,0.4743702840472828,0.8841160479940008,0.4370318352059925,0.163749740719057,,,
116,세종축제,세종축제2018,10,2018,90255,1209879720.0,2018-10-01,7.459832453427685e-05,family,0.6505589394712576,0.5784332373814868,0.7608401084010841,0.7285714285714285,0.548624623274918,0.6398958824076364,0.558555723929207,0.7673399390243902,0.5214285714285715,0.5582179222459994,3.0,세종시,세종축제2018
117,세종축제,세종축제2019,10,2019,217922,1000000000.0,2019-10-01,0.000217922,family,0.7562958407668536,0.682577085165085,0.9102789001675372,0.6358565737051792,0.6128037625164673,0.7253954303219265,0.6408998575023496,0.8842096186064847,0.6157370517928288,0.6645117935952439,5.0,세종시,세종축제2019
118,세종축제,세종축제2022,10,2022,196970,899634000.0,2022-10-01,0.0002189445930233,family,0.8205392946655571,0.6818332473810518,0.8321202107707422,0.6804123711340206,0.580758089340936,0.5553635560501908,0.4558578495477052,0.6917477895864964,0.5854810996563574,0.5926447116403148,4.0,세종시,세종축제2022
119,세종축제,세종축제2023,10,2023,186094,1169405000.0,2023-10-01,0.0001591356288026,family,0.6852814555350131,0.5177742467262562,0.8383886255924171,0.6723293172690763,0.6828684512679577,0.4940078116919741,0.3767470555598427,0.6558234597156398,0.3726706827309237,0.7048166071797206,4.0,세종시,세종축제2023
120,소래포구축제,소래포구축제2018,10,2018,151432,459839410.0,2018-10-01,0.0003293149667184,family,0.8300431309861815,0.8075505931240705,0.90229044834308,0.5659472422062349,0.5810953582244313,0.7312774324686214,0.7074752055782126,0.8221421609579505,0.3378297362110312,0.5541532298761946,3.0,인천,소래포구축제2018
121,소래포구축제,소래포구축제2022,10,2022,137012,678471590.0,2022-10-01,0.0002019421329049,family,0.6179828554078693,0.774558691298189,0.6988962849177902,0.6514399205561072,0.7232069891349853,0.59437483350333,0.7387422426842245,0.7185099846390169,0.5449768288646143,0.7000296662916592,3.0,인천,소래포구축제2022
122,소래포구축제,소래포구축제2023,9,2023,152350,628646970.0,2023-09-01,0.0002423458749829,family,0.7227215897888791,0.8871245235765812,0.7709195503507382,0.783822996010156,0.7096089545271407,0.6292325428952409,0.7401272645392378,0.6818995626779373,0.676278563656148,0.654719361454334,3.0,인천,소래포구축제2023
123,수성못페스티벌,수성못페스티벌2019,9,2019,219462,304927540.0,2019-09-01,0.0007197185272278,family,0.8912603521384883,0.8027815191426505,0.9113604488078542,0.7459546925566344,0.7401553940399079,0.7630661327975182,0.6208634498925573,0.7368045815801777,0.6292008961911875,0.6803329327106267,,,
124,수성못페스티벌,수성못페스티벌2022,9,2022,260141,362149119.0,2022-09-01,0.0007183256464031,family,0.8794192794551658,0.7967102262647657,0.8913083209315683,0.7104046653865301,0.7804577672626043,0.6861112634902974,0.5676801152337834,0.696332993916608,0.6042244506080648,0.7563518009760599,,,
125,수성못페스티벌,수성못페스티벌2023,9,2023,223366,436612280.0,2023-09-01,0.000511588909043,family,0.8706449826912436,0.8003616690789219,0.9208048458678182,0.7424756732292374,0.7297949174630793,0.7275758022169814,0.6775875310924014,0.7718416396785414,0.6650825978728219,0.6715837893406383,,,
126,수원화성문화제,수원화성문화제2018,10,2018,174565,1626876470.0,2018-10-01,0.0001073007098074,old,0.6943846979657929,0.6113914822199141,0.7879651357693597,0.5717906336088154,0.7208090809288435,0.6045962848844146,0.5478121043166082,0.7380643088613253,0.4200688705234159,0.7346967735857162,3.0,경기,수원화성문화제2018
127,수원화성문화제,수원화성문화제2019,10,2019,250132,1671346200.0,2019-10-01,0.0001496589994341,old,0.882242973386672,0.7785867754830115,0.9011488511488512,0.814858165794547,0.7195649999574353,0.6682892078907334,0.5375084318787475,0.7364822677322678,0.4631816304048471,0.6645967260733981,4.0,경기,수원화성문화제2019
128,수원화성문화제,수원화성문화제2022,10,2022,198157,1429100306.0,2022-10-01,0.0001386585666296,old,0.7457061198698263,0.6487624345400228,0.8492318685244731,0.5845046611602183,0.7929109753022473,0.6797375714590387,0.5842682734531383,0.8099767774205073,0.4987018789547408,0.779769844547812,3.0,경기,수원화성문화제2022
129,수원화성문화제,수원화성문화제2023,10,2023,256923,1429100306.0,2023-10-01,0.0001797795430602,old,0.8649811307281167,0.9103287288526152,0.914039512400168,0.7986218534664604,0.7480730708490286,0.6365834147981679,0.5835072244976494,0.6894835014712064,0.4502707073548024,0.6919422901891085,3.0,경기,수원화성문화제2023
130,순창장류축제,순창장류축제2018,10,2018,67138,849930570.0,2018-10-01,7.899233463269829e-05,old,0.9019296896522028,0.7596053946548192,0.9157542579075426,0.7417654808959157,0.7393615587158914,0.6215295151401514,0.4334080804382745,0.6746312347931873,0.3948451910408432,0.7022632737742417,3.0,전북,순창장류축제2018
131,순창장류축제,순창장류축제2019,10,2019,68634,849992431.0,2019-10-01,8.074660137767745e-05,old,0.8280222606975469,0.7534972917023857,0.812382487241472,0.7497103128621089,0.7507744297716213,0.5857756254045223,0.4371908317934455,0.6194097502014504,0.4007338740826573,0.6932068657524786,3.0,전북,순창장류축제2019
132,순창장류축제,순창장류축제2022,10,2022,84052,1000000000.0,2022-10-01,8.4052e-05,old,0.9474938569114104,0.7757987208261694,0.9077879650121192,0.6115765422696116,0.6120024064607956,0.6520737825552153,0.4987858060294861,0.6755190220255032,0.4007362274689007,0.6035312756102551,3.0,전북,순창장류축제2022
133,순창장류축제,순창장류축제2023,10,2023,74130,1050000000.0,2023-10-01,7.06e-05,old,0.9358558130219072,0.718346405390471,0.8973095091394537,0.7580968758956721,0.6424789119227561,0.6122016086434646,0.5144679837692062,0.592857876360649,0.4417454858125537,0.689884990757793,3.0,전북,순창장류축제2023
134,시흥갯골축제,갯골축제2018,9,2018,39501,720000000.0,2018-09-01,5.48625e-05,family,0.8255839085496768,0.5592572034874281,0.8631913852178169,0.3570487483530962,0.7062310576419505,0.7222209785442888,0.44330097380653,0.7532427802251591,0.319631093544137,0.6616529612389227,3.0,경기,갯골축제2018
135,시흥갯골축제,갯골축제2019,9,2019,41615,847635000.0,2019-09-01,4.909542432768822e-05,family,0.8169734525876352,0.6545261331100942,0.8869455006337136,0.5419331911869225,0.7642058407172871,0.7028888001399742,0.5586126688149601,0.7492395437262357,0.3942563965884861,0.7597567898515551,3.0,경기,갯골축제2019
136,시흥갯골축제,갯골축제2023,1,2023,88280,859799150.0,2023-01-01,0.0001026751422119,family,0.7916509053481516,0.665351927700168,0.8918904851134707,0.7289939192924267,0.7765022627155864,0.6148372645481787,0.5183468544153397,0.6777079429523215,0.4976160862354892,0.7376418103841053,3.0,경기,갯골축제2023
137,안동탈춤축제,안동민속축제2018,9,2018,408198,337000000.0,2018-09-01,0.0012112700296735,family,0.8304625498143174,0.4664773877298672,0.7416712783619258,0.3688266199649737,0.5352443947190293,0.5946595443249009,0.373977764938377,0.6257932115845785,0.2369746059544658,0.5926427760224867,10.0,경북,안동민속축제2018
138,안동탈춤축제,안동민속축제2019,9,2019,427845,337000000.0,2019-09-01,0.0012695697329376,family,0.8473162634226372,0.6149645683957624,0.8780658571272291,0.4188781014023732,0.6137996743088856,0.5984105174176406,0.4427406021489175,0.7145908543922984,0.2491100323624595,0.6392689317589981,10.0,경북,안동민속축제2019
139,안동탈춤축제,안동민속축제2022,9,2022,253773,337000000.0,2022-09-01,0.0007530356083086,family,0.8589924348186987,0.6385270488176248,0.912689575734306,0.48326279338207,0.6283744208026488,0.5608806389429823,0.3729075263717339,0.6046434056440776,0.2717583686033089,0.6246281497492546,5.0,경북,안동민속축제2022
140,안동탈춤축제,안동민속축제2023,5,2023,361654,770000000.0,2023-05-01,0.0004696805194805,family,0.8656936499102061,0.5126142906061683,0.9234580888052264,0.4582829504232164,0.6028180224459343,0.5549564827803496,0.2582045013777279,0.7005488041191452,0.1641853083434099,0.6024764362927278,8.0,경북,안동민속축제2023
141,안성맞춤남사당바우덕이축제,안성맞춤남사당바우덕이축제2018,10,2018,120823,1443605530.0,2018-10-01,8.369530144429413e-05,old,0.7143996719139979,0.3879575875322366,0.7515174222555264,0.5121588089330025,0.6283788837240459,0.2884995500615026,0.1737431072075904,0.3847602098164107,0.1711952026468155,0.6897305231230908,,,
142,안성맞춤남사당바우덕이축제,안성맞춤남사당바우덕이축제2022,9,2022,125575,1678590000.0,2022-09-01,7.480981061486128e-05,old,0.7787868765994064,0.5742256742436584,0.8448112394414756,0.6908409942117807,0.7816971244318354,0.4320108913119314,0.2846732225750051,0.4453542492673677,0.2728336738168199,0.7465254011713215,,,
143,안성맞춤남사당바우덕이축제,안성맞춤남사당바우덕이축제2023,10,2023,116544,1935560900.0,2023-10-01,6.021200366260757e-05,old,0.8437661004126237,0.7271638387842196,0.9219470623621416,0.7654781647318961,0.7750713749836259,0.3497623188216278,0.3099471705844476,0.4500764487667936,0.2212461995577667,0.7571167328108661,,,
144,알프스하동섬진강문화재첩축제,알프스하동섬진강재첩축제2018,7,2018,34814,350000000.0,2018-07-01,9.946857142857144e-05,old,0.4099482198181486,0.1073153313469879,0.8774312541918177,0.3318903318903319,0.4983118058013283,0.2778635417042652,0.099475803855227,0.7777288732394366,0.1718073593073593,0.5828317780992327,3.0,경남,알프스하동섬진강재첩축제2018
145,알프스하동섬진강문화재첩축제,알프스하동섬진강재첩축제2019,7,2019,44239,348786000.0,2019-07-01,0.0001268370863509,old,0.4174518619870486,0.2076485206730777,0.774115296803653,0.7775551102204409,0.5944006748777882,0.2772016449739546,0.117698963673474,0.6597995148401826,0.2555945223780895,0.5095372477379686,3.0,경남,알프스하동섬진강재첩축제2019
146,알프스하동섬진강문화재첩축제,알프스하동섬진강재첩축제2022,8,2022,51594,502387820.0,2022-08-01,0.0001026975534558,old,0.3899715362304408,0.2896813140076619,0.7702540617162796,0.5619047619047619,0.6029842930861895,0.3480567691226147,0.2004944077268187,0.7397639297786501,0.2512755102040816,0.5121238929601694,3.0,경남,알프스하동섬진강재첩축제2022
147,알프스하동섬진강문화재첩축제,알프스하동섬진강재첩축제2023,8,2023,49878,502387820.0,2023-08-01,9.928186555159717e-05,old,0.3335154714950142,0.1486674115907823,0.7357089829250186,0.5468409586056645,0.6075126012272186,0.3106399218390225,0.0946401830116187,0.7216433343938912,0.251797385620915,0.4734555203605363,3.0,경남,알프스하동섬진강재첩축제2023
148,양양송이축제,양양송이축제2018,9,2018,135037,529505980.0,2018-09-01,0.0002550245041614,old,0.9281797578077268,0.4452181200042019,0.8427679094280695,0.3199326851159312,0.4494893214072258,0.5342131449522194,0.2894870980680527,0.7469500292797189,0.3135050486163052,0.4155142526037918,,,
149,양양송이축제,양양송이축제2019,9,2019,133140,529753860.0,2019-09-01,0.0002513242659524,old,0.8184978208403898,0.4732379858414593,0.8124380083316802,0.399443793911007,0.4349306608834605,0.5889548990824167,0.3281937872223541,0.6965321860741917,0.3693098653395784,0.3900127365022789,,,
150,양양송이축제,양양송이축제2022,9,2022,153355,544969610.0,2022-09-01,0.0002814010124344,old,0.7876349351436204,0.8204475160990983,0.8823886026068506,0.6759002770083102,0.6541939697980764,0.6436743483233682,0.5231981517940776,0.8083383853693038,0.4219182825484764,0.4951254966560479,,,
151,양양송이축제,양양송이축제2023,10,2023,209100,530117680.0,2023-10-01,0.0003944407211621,old,0.7160025978944159,0.578724807630138,0.8606820744081173,0.4619915848527349,0.4488368477132623,0.5568611170808815,0.4245073061198839,0.7825570744081173,0.3219424964936886,0.4048688456382177,,,
152,여주오곡나루축제,여주오곡나루축제2018,10,2018,86400,908229000.0,2018-10-01,9.513019293592256e-05,old,0.8296352715375225,0.7413041306044005,0.9161844315848424,0.5307017543859649,0.5342691812322689,0.5766532099685208,0.4704409004033021,0.7564246157675316,0.3460719814241486,0.5748065769683781,3.0,경기,여주오곡나루축제2018
153,여주오곡나루축제,여주오곡나루축제2022,10,2022,114874,904781000.0,2022-10-01,0.0001269633204057,old,0.8852631564621497,0.8432801787382012,0.9685925507369214,0.8088130774697938,0.8189101674884014,0.5916990913866031,0.5311330440106046,0.7834086735414607,0.564565565031983,0.7737550524722039,3.0,경기,여주오곡나루축제2022
154,여주오곡나루축제,여주오곡나루축제2023,10,2023,125512,1036454000.0,2023-10-01,0.0001210975113222,old,0.9580232624189954,0.8292337345729612,0.9775454897406116,0.7767025089605735,0.8409611493746104,0.603783439422873,0.4971033130269686,0.7442250612982321,0.4030465949820788,0.6731278520369748,3.0,경기,여주오곡나루축제2023
155,연천구석기축제,연천전곡리구석기축제2018,5,2018,135014,784100000.0,2018-05-01,0.0001721897717127,family,0.8881080481065257,0.7082764358253485,0.8913288288288288,0.6019121236777868,0.7649298855342385,0.7132441995646474,0.3348763794059709,0.8033310298935299,0.2821653783563873,0.6562054097525061,,,
156,연천구석기축제,연천전곡리구석기축제2019,5,2019,134956,875365010.0,2019-05-01,0.0001541711154298,family,0.9211071703282248,0.702198254849425,0.86615,0.6803010471204188,0.8870265697920294,0.6928112370749567,0.3272974540754821,0.78585625,0.2829270287958115,0.7261180342162207,,,
157,연천구석기축제,연천전곡리구석기축제2022,10,2022,134556,869497780.0,2022-10-01,0.0001547514014354,family,0.8972010017184046,0.6148198698143205,0.869180470793374,0.6270824434002563,0.74874324379339,0.7797935767232891,0.534732761674697,0.8379958587619878,0.4599663605296881,0.7294087885166639,,,
158,연천구석기축제,연천전곡리구석기축제2023,5,2023,134257,1780915780.0,2023-05-01,7.53864958173373e-05,family,0.9765036503972632,0.6430412493906593,0.846961420279959,0.5206401766004415,0.68697339116706,0.7986741405900392,0.4500562933088433,0.7853362922499146,0.3904801324503311,0.6888689896438163,,,
159,영덕대게축제,영덕대게축제2018,3,2018,92396,640000000.0,2018-03-01,0.00014436875,old,0.9259824566123168,0.315686754935683,0.8676470588235294,0.2664259927797834,0.5053910540253407,0.8129051783113221,0.2372964472506243,0.6672046867527499,0.1928023465703971,0.4135381935367073,4.0,경북,영덕대게축제2018
160,영덕대게축제,영덕대게축제2019,3,2019,89175,740000000.0,2019-03-01,0.0001205067567567,old,0.8217314143184316,0.3046009266335499,0.875,0.2448979591836734,0.464157189842416,0.768115079278823,0.2907746873407846,0.6680269500438212,0.2468436527153234,0.4387523792156057,4.0,경북,영덕대게축제2019
161,영덕대게축제,영덕대게축제2023,2,2023,112356,670000.0,2023-02-01,0.1676955223880597,old,0.9295525801643169,0.5576646449269932,0.9173597359735974,0.5945334419404471,0.686386562093899,0.7671873091711959,0.3288871565278188,0.7088448844884488,0.3392840981084261,0.5215443602860023,3.0,경북,영덕대게축제2023
162,영도다리축제,영도다리축제2018,10,2018,101048,305000000.0,2018-10-01,0.0003313049180327,old,0.7180491971586271,0.570575216130724,0.8355047891010768,0.3650793650793651,0.6155332488273286,0.7125456597511635,0.5729331932592943,0.7530563983580225,0.3630952380952381,0.6232635173594883,3.0,부산,영도다리축제2018
163,영도다리축제,영도다리축제2019,10,2019,86737,332500000.0,2019-10-01,0.0002608631578947,old,0.4947346002607278,0.4316667119166469,0.7414271122136291,0.2227005870841487,0.6901298528252453,0.561300329411312,0.5157562047419394,0.7388917262512769,0.2320776255707762,0.6641159411828117,3.0,부산,영도다리축제2019
164,영도다리축제,영도다리축제2022,10,2022,98801,432500000.0,2022-10-01,0.0002284416184971,old,0.7283336414094415,0.5820372305251054,0.8502594867399895,0.6567015445939213,0.6721457927027822,0.6800856294120351,0.5684987848735518,0.765378755415893,0.5440022421524664,0.6948377847576346,3.0,부산,영도다리축제2022
165,영도다리축제,영도다리축제2023,10,2023,98560,413500000.0,2023-10-01,0.0002383555018137,old,0.8236917075894137,0.4911630067335154,0.9093759799310128,0.6588429071443278,0.593919335883538,0.76238338989365,0.4722603522044174,0.7941752900595798,0.4993565987234919,0.5761429467741297,3.0,부산,영도다리축제2023
166,영동난계국악축제,영동난계국악축제2018,10,2018,137847,1149290650.0,2018-10-01,0.0001199409392219,old,0.7874710698586161,0.4337387778743122,0.9358432036097012,0.4900662251655629,0.5754279130160833,0.6046211575291996,0.3026992228979631,0.8266620840383531,0.3231581125827814,0.5653382008865526,4.0,충북,영동난계국악축제2018
167,영동난계국악축제,영동난계국악축제2019,10,2019,134319,1110000000.0,2019-10-01,0.0001210081081081,old,0.7997054957707284,0.432850278983261,0.8631740614334471,0.393048128342246,0.5745556437203794,0.6415232202514072,0.3386348343489635,0.7816552901023891,0.3075423351158645,0.5691741051798378,4.0,충북,영동난계국악축제2019
168,영동난계국악축제,영동난계국악축제2023,10,2023,149216,1099199780.0,2023-10-01,0.0001357496632686,old,0.8383130346704667,0.4759303833187805,0.9151958943547378,0.3444413716814159,0.7161408986337133,0.6527807299728956,0.3808364048825697,0.7879075916885718,0.224263689159292,0.636046258989428,4.0,충북,영동난계국악축제2023
169,영산강서창들녘억새축제,영산강서창들녘억새축제2023,10,2023,211597,372077800.0,2023-10-01,0.0005686902040379,old,0.8763588356062794,0.7266878626537595,0.8703053547720903,0.6903584672435105,0.6432805207142636,0.8164306971270332,0.6903120914040896,0.8034260215370999,0.5876236093943139,0.6680140279654164,,,
170,영암왕인문화축제,왕인문화축제2018,4,2018,58117,970000000.0,2018-04-01,5.991443298969072e-05,old,0.6721081592035366,0.4534536199380087,0.8120503597122302,0.3606145251396648,0.5943392427404196,0.2306009015632335,0.1401643965929995,0.2869989722507708,0.0972416201117318,0.5855514423049913,,,
171,영암왕인문화축제,왕인문화축제2019,4,2019,100959,980000000.0,2019-04-01,0.0001030193877551,old,0.8588226067784178,0.5752609132208025,0.8195538057742782,0.4794267877412032,0.707602278938354,0.1715803650458298,0.0768131261181411,0.2151293588301462,0.0486130817253121,0.6801080501075206,,,
172,영암왕인문화축제,왕인문화축제2023,3,2023,122166,989998200.0,2023-03-01,0.000123400224364,old,0.8492408835122828,0.6965053694051743,0.8759124087591241,0.6608164822586798,0.7579851574803673,0.168811246598503,0.078821403203013,0.2804896593673966,0.0498616940099198,0.6377498095230895,,,
173,영주풍기인삼축제,영주풍기인삼축제2018,10,2018,247672,740000000.0,2018-10-01,0.0003346918918918,old,0.8280933525118342,0.5662013935774033,0.7631083562901744,0.5759443654180497,0.5632190766540692,0.4196158018515741,0.2539497770638302,0.5624196510560147,0.3418681839734471,0.5186760044936727,9.0,경북,영주풍기인삼축제2018
174,영주풍기인삼축제,영주풍기인삼축제2019,10,2019,40604,950000000.0,2019-10-01,4.274105263157895e-05,old,0.417607826138391,0.2301308827624617,0.6992009132420092,0.4388083735909823,0.6172658873467403,0.4443450146294979,0.2065205451901358,0.7238394216133942,0.3321256038647343,0.5302197242075315,9.0,경북,영주풍기인삼축제2019
175,영주풍기인삼축제,영주풍기인삼축제2023,10,2023,192055,810000000.0,2023-10-01,0.0002371049382716,old,0.880517407769856,0.4554352694497118,0.8698250106700811,0.4098360655737705,0.5684022255469967,0.5848962446505915,0.337324071865393,0.6820244700526391,0.3511877656344869,0.5832792992608581,9.0,경북,영주풍기인삼축제2023
176,울산고래축제,울산고래축제2018,7,2018,138105,1513174000.0,2018-07-01,9.12684198909048e-05,old,0.8673126433734538,0.7962336882681916,0.9070014722722068,0.6135307781649245,0.5903765733774351,0.6250859569224272,0.557913230539143,0.7387074676918044,0.2898882113821138,0.6038833287059658,4.0,울산,울산고래축제2018
177,울산고래축제,울산고래축제2019,6,2019,105532,1449175340.0,2019-06-01,7.282210584676385e-05,old,0.8823808674914114,0.7632538515348305,0.7316262905039354,0.7289836888331243,0.6685922971925155,0.4523149051661982,0.4013619107027778,0.600199325360319,0.2065035549979088,0.7030353840318152,3.0,울산,울산고래축제2019
178,울산고래축제,울산고래축제2022,10,2022,155401,1250000000.0,2022-10-01,0.0001243208,old,0.9421560928267052,0.8661004270866763,0.8847914547304171,0.7000537056928035,0.7261395446354593,0.5973278321909802,0.5425783352260104,0.7207255486121203,0.2335526315789473,0.7362979004264321,4.0,울산,울산고래축제2022
179,울산고래축제,울산고래축제2023,5,2023,151463,1430703960.0,2023-05-01,0.0001058660661007,old,0.8982592376237848,0.83879155206788,0.880527020991514,0.5768952197006277,0.6893993536599263,0.5983920964288377,0.5382854878206589,0.6962092451987495,0.2472386528247223,0.6812060935103673,4.0,울산,울산고래축제2023
180,울산쇠부리축제,울산쇠부리축제2018,5,2018,203193,588000000.0,2018-05-01,0.0003455663265306,family,0.9153580156550783,0.7375533459457082,0.8989880404783809,0.4013940139401394,0.575193717848096,0.8527484203978511,0.6651876457389239,0.7688400797301441,0.4384993849938499,0.5969364956119496,3.0,울산,울산쇠부리축제2018
181,울산쇠부리축제,울산쇠부리축제2019,5,2019,69727,591000000.0,2019-05-01,0.0001179813874788,family,0.5926380329995243,0.4655799190567975,0.8942467378410438,0.5105263157894737,0.7198661375730537,0.5867441937099859,0.4389569364590369,0.8102239027283511,0.3243421052631579,0.7319603484035238,3.0,울산,울산쇠부리축제2019
182,울산쇠부리축제,울산쇠부리축제2022,5,2022,83739,599927210.0,2022-05-01,0.0001395819336149,family,0.8201380152062895,0.6312329194200055,0.9452069716775598,0.7307692307692307,0.7116182669601983,0.6521412062424419,0.5005322115244757,0.8386846405228758,0.1619532428355957,0.7442140806755085,3.0,울산,울산쇠부리축제2022
183,울산쇠부리축제,울산쇠부리축제2023,5,2023,80725,599974594.0,2023-05-01,0.0001345473638505,family,0.702007240486156,0.524599213760524,0.9588484241006792,0.5306577480490524,0.6489898226992098,0.6554134681297465,0.4971779575773238,0.877860841964584,0.4418896321070234,0.668753436733966,3.0,울산,울산쇠부리축제2023
184,울산옹기축제,울산옹기축제2018,5,2018,108281,712500000.0,2018-05-01,0.0001519733333333,family,0.7064162247835704,0.6398233115519802,0.8437101765883852,0.5493197278911565,0.7416115286644598,0.6163150200886245,0.4686772030029958,0.8791075004551248,0.3702168367346938,0.7096316928000287,4.0,울산,울산옹기축제2018
185,울산옹기축제,울산옹기축제2019,5,2019,117542,712500000.0,2019-05-01,0.0001649712280701,family,0.9629098258233576,0.7791377644021972,0.8071440692346852,0.3901515151515151,0.8336175228585597,0.711886475641947,0.4551342043772403,0.7728395978279314,0.1893078512396694,0.741908714760849,4.0,울산,울산옹기축제2019
186,울산옹기축제,울산옹기축제2022,9,2022,130006,874836060.0,2022-09-01,0.0001486061285585,family,0.8436618896407486,0.8113854405921023,0.913854132367468,0.717292377701934,0.776803365021271,0.578065329709844,0.4861946098689105,0.8322666282515641,0.3377062002275313,0.7329295886534919,4.0,울산,울산옹기축제2022
187,울산옹기축제,울산옹기축제2023,5,2023,75046,879017260.0,2023-05-01,8.537488786056374e-05,family,0.7546863812142658,0.5454439609754962,0.8019634394041977,0.3513203214695752,0.6956299118618556,0.7336611835613084,0.5337309031741854,0.881163958474385,0.3875813241484883,0.7466357530820656,3.0,울산,울산옹기축제2023
188,원주다이내믹댄싱카니발,원주다이내믹댄싱카니발2018,9,2018,72480,1528653140.0,2018-09-01,4.7414287848190335e-05,family,0.3617737437398293,0.2881746977694534,0.5734943639291465,0.6840120663650076,0.6507649354719057,0.3741514579373842,0.2969737924967364,0.5046900161030595,0.2953431372549019,0.6342241660461092,6.0,강원,원주다이내믹댄싱카니발2018
189,원주다이내믹댄싱카니발,원주다이내믹댄싱카니발2019,9,2019,49870,1894086789.0,2019-09-01,2.6329310932119063e-05,family,0.4623572130882722,0.3010137674384499,0.5549407881964666,0.2978662053056516,0.7045661374389406,0.3604520563845206,0.3326672655166302,0.4829341390021355,0.219434832756632,0.7358812997355881,6.0,강원,원주다이내믹댄싱카니발2019
190,음성품바축제,음성품바축제2018,5,2018,175775,657099900.0,2018-05-01,0.0002675011820881,old,0.7962968804166987,0.6254009733974892,0.912579558217896,0.5664268585131894,0.7235933514303652,0.3569428064640311,0.2132790463746474,0.7155980906027705,0.2181954436450839,0.7064808816566008,5.0,충북,음성품바축제2018
191,음성품바축제,음성품바축제2019,5,2019,193077,738025000.0,2019-05-01,0.0002616130889875,old,0.7994450867807507,0.637102693422041,0.920650406504065,0.6390544707091469,0.7937911439682577,0.3377325316931382,0.2004391182377018,0.7269828364950316,0.2474049331963001,0.786852560967344,5.0,충북,음성품바축제2019
192,이천쌀문화축제,이천쌀문화축제2018,10,2018,149990,737900000.0,2018-10-01,0.0002032660252066,old,0.8503808146624546,0.6893101542908148,0.9067914893617022,0.5575870646766169,0.7594514904044757,0.5518324497378372,0.3957982925392709,0.6554765957446809,0.2907027363184079,0.7145376577417194,5.0,경기,이천쌀문화축제2018
193,이천쌀문화축제,이천쌀문화축제2023,10,2023,102543,1481380047.0,2023-10-01,6.922126446057094e-05,old,0.7522224063780568,0.5594467714855976,0.9362485615650172,0.7153209109730849,0.8087338491159114,0.6351950384263088,0.4533928072999534,0.6397967011891063,0.4277885610766045,0.7786932443203272,5.0,경기,이천쌀문화축제2023
194,인천펜타포트음악축제,펜타포트음악축제2018,1,2018,139759,2500000000.0,2018-01-01,5.59036e-05,youth,0.9612325725032714,0.8115228617498099,0.7800611955975704,0.5734945471787577,0.6514200013245665,0.6671761798939934,0.5662843098754196,0.7791877882814997,0.4845602181128497,0.6947622836666278,,,
195,인천펜타포트음악축제,펜타포트음악축제2019,8,2019,119505,1061827646.0,2019-08-01,0.0001125465139753,youth,0.5414019268182324,0.5296367112810707,0.6571835571835573,0.4864864864864865,0.6090591431844434,0.4225209462089693,0.4025143529566081,0.6206247456247456,0.4352865796831314,0.6405328696075352,,,
196,임실N치즈축제,임실N치즈축제2018,10,2018,54743,842440420.0,2018-10-01,6.498144996414108e-05,old,0.921774859905634,0.6997788297622894,0.8272179627601315,0.6815659679408138,0.6438962498409305,0.215145038653566,0.1468726433328897,0.1847275465498357,0.1055795314426633,0.6184330413911397,4.0,전북,임실N치즈축제2018
197,임실N치즈축제,임실N치즈축제2019,10,2019,83295,842440000.0,2019-10-01,9.887351027966383e-05,old,0.8216297654157259,0.8056913683166979,0.702212020033389,0.8883731211317418,0.7900950724269843,0.158151301102387,0.1060789040848973,0.1544762103505843,0.0977287798408488,0.5970644787476116,4.0,전북,임실N치즈축제2019
198,임실N치즈축제,임실N치즈축제2022,10,2022,100291,930000000.0,2022-10-01,0.0001078397849462,old,0.9112607324635024,0.7843822139433687,0.7809364548494984,0.6941855753646677,0.8255491779225517,0.2198013931934186,0.1313999155686453,0.1994147157190635,0.0927117098865478,0.6413803254019202,4.0,전북,임실N치즈축제2022
199,임실N치즈축제,임실N치즈축제2023,10,2023,93319,1030000000.0,2023-10-01,9.06009708737864e-05,old,0.7744551410861231,0.6982908377844689,0.8887399463806971,0.6602521008403361,0.8365705102411622,0.2131050739308491,0.1292121553645991,0.2209562109025916,0.0882142857142857,0.6324071827916057,4.0,전북,임실N치즈축제2023
200,정남진장흥물축제,정남진장흥물축제2018,7,2018,233040,1500000000.0,2018-07-01,0.00015536,family,0.9369188547820132,0.6378525093127146,0.8925730602255179,0.6690595836324479,0.6814843049047464,0.8125234155940574,0.2633486255508037,0.8449673669182134,0.1461952620244077,0.4585298410163724,7.0,전남,정남진장흥물축제2018
201,정남진장흥물축제,정남진장흥물축제2019,7,2019,230785,1500000000.0,2019-07-01,0.0001538566666666,family,0.937097053887382,0.6169491150931307,0.8938838510515146,0.7038007863695936,0.7126948211591405,0.7856781560782599,0.2745251141840771,0.8282537691904853,0.181372870249017,0.5081840590557476,7.0,전남,정남진장흥물축제2019
202,정남진장흥물축제,정남진장흥물축제2022,7,2022,311345,1978811770.0,2022-07-01,0.0001573393713945,family,0.901725948427546,0.5168651404143892,0.7986408762867715,0.5478249475890985,0.655870387403376,0.7735745571658178,0.2681486492408821,0.7727176979155219,0.1519916142557651,0.5347580133580231,9.0,전남,정남진장흥물축제2022
203,제주들불축제,제주들불축제2018,3,2018,349131,1688149440.0,2018-03-01,0.000206812851829,family,0.768802004895038,0.708653102160621,0.8113472546109816,0.6716482878699942,0.7296727295111579,0.6202777606950347,0.5759152440896207,0.6447755458978164,0.3901080963435868,0.6829033374248806,,,
204,제주들불축제,제주들불축제2019,3,2019,324513,1629022750.0,2019-03-01,0.0001992071626992,family,0.8141413515844605,0.6986447908085465,0.8113465974625144,0.4497378503730591,0.7263560048366068,0.7407062442313361,0.673692389094351,0.7371738033448674,0.4252810546481145,0.7789437332865036,,,
205,제주들불축제,제주들불축제2023,3,2023,389824,1368693000.0,2023-03-01,0.0002848147831544,family,0.8413593829796104,0.6681209697838245,0.8465681973286536,0.6116192924100393,0.6809344002166797,0.8472029862814586,0.7191823269187517,0.7740247513892952,0.6268757559721803,0.7401352602574329,4.0,제주,제주들불축제2023
206,지용제,지용제2018,5,2018,152782,326000000.0,2018-05-01,0.0004686564417177,old,0.7102302430796591,0.3824079801380191,0.9257322175732218,0.3964285714285714,0.5036392323321913,0.6059113210204778,0.3504443861684449,0.8723971953451883,0.3401785714285714,0.5485241036963964,4.0,충북,지용제2018
207,지용제,지용제2019,5,2019,174418,326000000.0,2019-05-01,0.0005350245398773,old,0.746623705335393,0.4948403388907111,0.9073230769230768,0.3553299492385787,0.6161697201639625,0.5906765547062109,0.3538813507263135,0.8251384615384615,0.2563848350253807,0.6173183614432222,4.0,충북,지용제2019
208,지용제,지용제2022,4,2022,185500,349981150.0,2022-04-01,0.0005300285458231,old,0.7051876041296786,0.4892360151536947,0.9076340326340326,0.4724806201550388,0.6513999551684198,0.6293326627317622,0.478094128032843,0.8542494437380801,0.4666182170542635,0.673132461232156,4.0,충북,지용제2022
209,지용제,지용제2023,5,2023,184584,450290000.0,2023-05-01,0.0004099224943925,old,0.8007515811937476,0.5163286772180502,0.8966797728265619,0.5226920093095423,0.6490575340033379,0.6856182604257218,0.4395096603963708,0.8018102883355177,0.41158359193173,0.6237770652051176,4.0,충북,지용제2023
210,진도신비의바닷길축제,진도신비의바닷길축제2018,5,2018,35297,770437140.0,2018-05-01,4.581425033585479e-05,old,0.9075140746960892,0.7154373621131715,0.890728476821192,0.5507968127490039,0.6797410974534285,0.2404174406527802,0.1226849919503905,0.3728614790286976,0.1139193227091633,0.5044557609341175,4.0,전남,진도신비의바닷길축제2018
211,진도신비의바닷길축제,진도신비의바닷길축제2019,3,2019,38283,753979120.0,2019-03-01,5.07746156153502e-05,old,0.8214827541249725,0.6595926931621822,0.8524251805985552,0.3620495495495495,0.4685668974540718,0.1983784930951325,0.0955316588496667,0.3053405572755417,0.0665822072072072,0.4045609298637538,4.0,전남,진도신비의바닷길축제2019
212,진도신비의바닷길축제,진도신비의바닷길축제2023,4,2023,33285,899805690.0,2023-04-01,3.699131975926936e-05,old,0.8800279639197289,0.9019559210335664,0.8976153447382063,0.1948717948717948,0.6956442741007879,0.24799111935402,0.176886519738199,0.3413685847589424,0.113034188034188,0.6012184192133863,,,
213,진안홍삼축제,진안홍삼축제2018,10,2018,71456,799863000.0,2018-10-01,8.933529866989722e-05,old,0.9482898466504008,0.5292216331301662,0.8707403055229143,0.5747863247863247,0.7982517565123991,0.6626128752517454,0.2610679583785589,0.661519535840188,0.2799145299145299,0.6419003800195733,4.0,전북,진안홍삼축제2018
214,진안홍삼축제,진안홍삼축제2019,10,2019,100435,850000000.0,2019-10-01,0.0001181588235294,old,0.9502337069976252,0.6453396342223185,0.8556427870461236,0.5986666666666667,0.6974711208344553,0.6129460496051901,0.2985479189068203,0.6300294406280668,0.2968333333333333,0.5897988882155057,5.0,전북,진안홍삼축제2019
215,진안홍삼축제,진안홍삼축제2022,10,2022,85331,890389780.0,2022-10-01,9.58355564233902e-05,old,0.9045672154676117,0.6059135327136616,0.8247047244094489,0.6587677725118484,0.7609484084148399,0.6435794947754467,0.352580680636474,0.707320374015748,0.3473785545023696,0.6638820706272275,4.0,전북,진안홍삼축제2022
216,진안홍삼축제,진안홍삼축제2023,9,2023,46051,999816770.0,2023-09-01,4.605943947109429e-05,old,0.9664730239738498,0.4323959167690525,0.6016881028938906,0.7168338907469343,0.7341540576674604,0.6459526681441796,0.3556436442526874,0.6629990621650589,0.2226867335562987,0.6643736053533834,3.0,전북,진안홍삼축제2023
217,진주유등축제,진주남강유등축제2018,10,2018,638635,1832000000.0,2018-10-01,0.0003485998908296,old,0.7453502181207069,0.5224303074994587,0.7549578842623089,0.5002415847962635,0.5869983719976744,0.3955573617219464,0.2573640703632007,0.6566323527350703,0.1562248349170559,0.6111473232875437,14.0,경남,진주남강유등축제2018
218,진주유등축제,진주남강유등축제2019,10,2019,582218,2499864208.0,2019-10-01,0.0002328998503745,old,0.7297045559347951,0.4442813699112878,0.8381127143364119,0.400427067974986,0.6567569356335443,0.3915276523672736,0.2091468775477226,0.7243467121378678,0.1416442117036961,0.6813177844796143,13.0,경남,진주남강유등축제2019
219,진주유등축제,진주남강유등축제2022,10,2022,1120998,2780000000.0,2022-10-01,0.0004032366906474,old,0.7098441192829762,0.4383269454659375,0.8094215020176475,0.4007235170661659,0.7452031780806371,0.4857640542619828,0.2547060169582704,0.7411969613286435,0.2050931551235318,0.7156479172554726,22.0,경남,진주남강유등축제2022
220,진주유등축제,진주남강유등축제2023,10,2023,669984,2780000000.0,2023-10-01,0.0002410014388489,old,0.671126871631856,0.4118876847705036,0.7994260530900892,0.3180989796475146,0.6220267947434857,0.3745331455962803,0.2052322813803755,0.6980912024258447,0.0663944096048227,0.6079767714431167,15.0,경남,진주남강유등축제2023
221,천안흥타령축제,천안흥타령춤축제2018,9,2018,315484,2547171521.0,2018-09-01,0.000123856598348,family,0.7118304257091717,0.6968575388314421,0.8487044449125764,0.5455133387227162,0.7432191833522908,0.5635500309309632,0.4825607483914256,0.6247788076680009,0.3032942603071948,0.6984852786617588,5.0,충남,천안흥타령춤축제2018
222,천안흥타령축제,천안흥타령춤축제2019,9,2019,133541,2537534464.0,2019-09-01,5.262628031049276e-05,family,0.6236958991677118,0.5984900439509323,0.8516717325227964,0.6502325581395348,0.707543711950464,0.5917113124326947,0.5432292008325036,0.8024807795458608,0.5616666666666666,0.6976573264340009,5.0,충남,천안흥타령춤축제2019
223,천안흥타령축제,천안흥타령춤축제2022,9,2022,188887,2495703972.0,2022-09-01,7.568485770715438e-05,family,0.7774106995830029,0.7893497848092523,0.9315523465703972,0.5194752774974772,0.7836863769704723,0.4857239484632201,0.4528884170924865,0.6940108303249098,0.5590817356205853,0.7439408397267158,5.0,충남,천안흥타령춤축제2022
224,천안흥타령축제,천안흥타령춤축제2023,10,2023,183994,2906180089.0,2023-10-01,6.331128641904338e-05,family,0.9282175107133172,0.89593496311834,0.9221297836938436,0.6252465483234714,0.660259711832897,0.5566210344841894,0.5501841910081757,0.6845825139918318,0.5121548323471401,0.6879081432456562,5.0,충남,천안흥타령춤축제2023
225,청송사과축제,청송사과축제2019,10,2019,113269,610000000.0,2019-10-01,0.0001856868852459,old,0.7954254040823145,0.6464985403901763,0.8764536970567121,0.5379581151832461,0.7215245352039825,0.462438604640411,0.1850362496505643,0.5918880114860015,0.2212369109947644,0.4910364413773315,5.0,경북,청송사과축제2019
226,청송사과축제,청송사과축제2022,11,2022,100094,839972590.0,2022-11-01,0.0001191634122251,old,0.938328397061655,0.7328266341422586,0.8259269742428531,0.4047548291233283,0.6169576590172651,0.4713800204805093,0.2907255364434798,0.5415086328898953,0.2789747399702823,0.5639888847148676,5.0,경북,청송사과축제2022
227,청송사과축제,청송사과축제2023,11,2023,120668,759995880.0,2023-11-01,0.0001587745449356,old,0.92075256612294,0.7160922750265409,0.8163265306122449,0.647894469812278,0.7576149965021279,0.5017572501561777,0.2069091737962904,0.5306486880466472,0.0965119228817859,0.5224622157485737,5.0,경북,청송사과축제2023
228,추억의충장축제,추억의충장축제2018,1,2018,318378,1332130120.0,2018-01-01,0.0002389991752457,youth,0.9267009603499168,0.8513513096263636,0.9221823864681008,0.5244239631336406,0.6858846420449979,0.6333816528030904,0.4548986239034127,0.6526475455046884,0.3612135176651306,0.5890826877335623,3.0,광주,추억의충장축제2018
229,추억의충장축제,추억의충장축제2019,10,2019,381293,1435575.0,2019-10-01,0.2656029813837661,youth,0.9223915900420486,0.831301365115988,0.9366103550758642,0.7134659525631216,0.7936838610691446,0.6693567023108032,0.5125619217931177,0.6830908806507117,0.5842578423871462,0.7284358367688516,4.0,광주,추억의충장축제2019
230,추억의충장축제,추억의충장축제2022,10,2022,436623,2932100062.0,2022-10-01,0.0001489113573096,youth,0.8821891481481936,0.6625814121196729,0.8997325270380276,0.5876050420168067,0.7890945531880441,0.7248342144299772,0.4800623741197803,0.7728166065821608,0.526142331932773,0.7572094393474358,5.0,광주,추억의충장축제2022
231,춘천마임축제,춘천마임축제2018,5,2018,241612,603904212.0,2018-05-01,0.0004000833165243,old,0.5715660007314187,0.4178459988698066,0.5217445895352023,0.4718969555035129,0.6530854103121985,0.5078846556908432,0.3238659164803486,0.4631882933065473,0.3631928181108509,0.6316523035836656,8.0,강원,춘천마임축제2018
232,춘천마임축제,춘천마임축제2019,5,2019,329181,719427440.0,2019-05-01,0.0004575596949707,old,0.869638430149393,0.4735127330798048,0.8159315237507712,0.3279025191675794,0.7166142475646868,0.7626320444083108,0.4484188106821899,0.7439755552128315,0.3246851040525739,0.7261422191794521,8.0,강원,춘천마임축제2019
233,춘천마임축제,춘천마임축제2022,5,2022,389382,621424029.0,2022-05-01,0.0006265963043408,old,0.8928039238257386,0.5616189083172661,0.8474498391790474,0.3867740028198481,0.7095410131003165,0.8434752408034536,0.532932674499226,0.7993444084633394,0.3899520171010142,0.7062505585519424,7.0,강원,춘천마임축제2022
234,춘천마임축제,춘천마임축제2023,5,2023,482235,637274368.0,2023-05-01,0.0007567148848516,old,0.7432339322363355,0.4605301479043474,0.7674070474637908,0.4203265765765765,0.757876620475325,0.7750110073479746,0.4566030683253922,0.7780092012038372,0.3957730051480052,0.7572928983303013,8.0,강원,춘천마임축제2023
235,탐라문화제,탐라문화제2018,10,2018,91268,1199844430.0,2018-10-01,7.606652805814167e-05,old,0.8187637917046046,0.7705115369665846,0.7284283848498041,0.6138211382113821,0.7634577366168307,0.7524110232079626,0.6756498745597814,0.6302786242925555,0.5158536585365854,0.7663954028809626,5.0,제주,탐라문화제2018
236,탐라문화제,탐라문화제2019,10,2019,101196,1275000000.0,2019-10-01,7.936941176470589e-05,old,0.7827057933433473,0.7687605479225124,0.9002212933366118,0.427190332326284,0.8328222667807521,0.6725483778360943,0.6493231210461468,0.6614888123924269,0.2959969788519637,0.8090700570605348,5.0,제주,탐라문화제2019
237,탐라문화제,탐라문화제2022,10,2022,97587,1515960050.0,2022-10-01,6.43730684063871e-05,old,0.7163938689511031,0.8023740743563429,0.8081281377002151,0.5678474114441417,0.8409986894058306,0.656032822999988,0.7219612579044463,0.7803191489361703,0.401975476839237,0.8114972011845124,5.0,제주,탐라문화제2022
238,탐라문화제,탐라문화제2023,10,2023,122112,1474767280.0,2023-10-01,8.280086062120933e-05,old,0.8100252076239965,0.6458087481177265,0.8049298445202883,0.6974545454545455,0.7781510865556421,0.7642930456948808,0.6045194567033378,0.7040671217292378,0.5576363636363636,0.7788053956924562,5.0,제주,탐라문화제2023
239,태백산눈축제,태백산눈축제2018,1,2018,310667,1277949000.0,2018-01-01,0.000243098120504,old,0.6837900589160667,0.28191365644305,0.7101535087719297,0.2825112107623318,0.4756339354631391,0.4825959946842867,0.1693546585538561,0.6668500797448166,0.1790575092439619,0.3883842732407067,24.0,강원,태백산눈축제2018
240,태백산눈축제,태백산눈축제2019,1,2019,241869,1272739000.0,2019-01-01,0.0001900381775053,old,0.6872663520723484,0.3406824066722654,0.8603028815817149,0.3370242214532872,0.5844116562886227,0.4510746945339257,0.171283353955733,0.7897590502231882,0.1978810879190385,0.3998417068984298,17.0,강원,태백산눈축제2019
241,통영한산대첩축제,통영한산대첩축제2018,8,2018,101018,1114367512.0,2018-08-01,9.065052499484569e-05,old,0.944697765859528,0.6152547790275985,0.91793255594075,0.4708479678876066,0.676095566000329,0.6589701696934036,0.3765389698199028,0.6223684210526316,0.3463246362267937,0.6368116235071636,5.0,경남,통영한산대첩축제2018
242,통영한산대첩축제,통영한산대첩축제2019,8,2019,63457,1209000000.0,2019-08-01,5.248717948717949e-05,old,0.5478513261087335,0.325211759656186,0.6446837146702558,0.3442722117202269,0.6456668143666091,0.5138467694642461,0.2766738385139063,0.6696837146702558,0.2631758034026465,0.5960117837863171,5.0,경남,통영한산대첩축제2019
243,통영한산대첩축제,통영한산대첩축제2022,8,2022,131067,1019521140.0,2022-08-01,0.0001285574127477,old,0.8081841614136654,0.6123633635409362,0.7921175332101699,0.5164602629479308,0.714459078513411,0.6325127253920056,0.4013850198982447,0.6960169789742237,0.3149651368508689,0.637751424756875,9.0,경남,통영한산대첩축제2022
244,평창송어축제,평창송어축제2019,12,2019,522981,140000000.0,2019-12-01,0.0037355785714285,family,0.6470505681579308,0.2948392531537815,0.5786247699584784,0.086170405335784,0.3673170377085977,0.696940838895546,0.4022797208535524,0.8904077352023329,0.0762438162348418,0.2933465090450701,37.0,강원,평창송어축제2019
245,평창효석문화제,평창효석문화제2018,9,2018,222342,883000000.0,2018-09-01,0.0002518029445073,old,0.9029488834100358,0.4917611084946022,0.8852469490767363,0.2699778582930757,0.3719867626356185,0.5992214319564777,0.3265835889733243,0.658616062871382,0.2896034621578099,0.4410924277810286,9.0,강원,평창효석문화제2018
246,평창효석문화제,평창효석문화제2019,9,2019,193942,696400000.0,2019-09-01,0.0002784922458357,old,0.7381931168287831,0.4498695978233613,0.9282922549254208,0.2885046429715017,0.4077231896933619,0.5805562761258659,0.3504631171200058,0.7766411422190316,0.3233135873625787,0.4627655171286793,9.0,강원,평창효석문화제2019
247,포항국제불빛축제,국제불빛축제2018,7,2018,261904,800000000.0,2018-07-01,0.00032738,family,0.6686594833981743,0.4366857557971777,0.6558043403375818,0.4174151525539938,0.6348374237658109,0.3570702783478888,0.181965439281968,0.4724379951774027,0.2311707233459033,0.5886690389114927,5.0,경북,국제불빛축제2018
248,포항국제불빛축제,국제불빛축제2019,5,2019,149136,940000000.0,2019-05-01,0.0001586553191489,family,0.6649517958573065,0.503056475609532,0.6710901513489801,0.4668071654373024,0.7453109651322601,0.1911119710304084,0.1142069223616674,0.3552679681216641,0.0702274323849666,0.7138691482149497,3.0,경북,국제불빛축제2019
249,하동야생차문화축제,하동야생차문화축제2018,5,2018,48505,525000000.0,2018-05-01,9.23904761904762e-05,old,0.4717494909487945,0.2763723897847525,0.880901287553648,0.173842841765339,0.6251101265676471,0.404668391855793,0.1452082074535607,0.4713876967095851,0.0804544537136706,0.5163736002398037,4.0,경남,하동야생차문화축제2018
250,하동야생차문화축제,하동야생차문화축제2019,5,2019,41484,701687000.0,2019-05-01,5.912037703420471e-05,old,0.4937745539785361,0.1756454247074157,0.8692848769050411,0.0998413642673012,0.4751872582230031,0.4148874740426717,0.1417335207468833,0.440760550996483,0.0982364168153876,0.5019039003328868,4.0,경남,하동야생차문화축제2019
251,하동야생차문화축제,하동야생차문화축제2022,5,2022,65341,618091890.0,2022-05-01,0.0001057140549118,old,0.4511693035623023,0.2137681723218788,0.8127253446447508,0.104252610134963,0.6377182436220827,0.425429777718709,0.1410917132359751,0.5147136797454931,0.0780324250912486,0.5194261338416855,5.0,경남,하동야생차문화축제2022
252,한산모시문화제,한산모시문화제2018,6,2018,39979,1082710030.0,2018-06-01,3.6924937326017016e-05,old,0.820885148029282,0.6720423324922905,0.6884847080630213,0.4907142857142857,0.5172254361568458,0.1779248466150579,0.1255878539388842,0.209960032437442,0.0766964285714285,0.4986271684245018,4.0,충남,한산모시문화제2018
253,한산모시문화제,한산모시문화제2019,6,2019,37690,1193000000.0,2019-06-01,3.159262363788768e-05,old,0.8811865482378588,0.5906057826468916,0.7211238293444329,0.3677474402730375,0.5717771437045542,0.2458104099509596,0.1402907149501318,0.24673191987513,0.0727389078498293,0.5362074154575879,4.0,충남,한산모시문화제2019
254,한산모시문화제,한산모시문화제2022,6,2022,38538,1461548430.0,2022-06-01,2.6367925420028677e-05,old,0.8660732514048083,0.8112662326358667,0.7913214990138067,0.6558752997601919,0.5275039232366254,0.1965357576014712,0.1775294479453168,0.2174556213017751,0.1022931654676259,0.5325671710003559,3.0,충남,한산모시문화제2022
255,한산모시문화제,한산모시문화제2023,6,2023,30030,831449000.0,2023-06-01,3.611766927376183e-05,old,0.953297710702055,0.7492586885807224,0.9704524469067406,0.4788888888888888,0.5402902417691496,0.2562456558726079,0.2023944652334482,0.3771641274238227,0.0736111111111111,0.5645488719387137,3.0,충남,한산모시문화제2023
256,한성백제문화제,한성백제문화제2018,10,2018,113484,484827810.0,2018-10-01,0.0002340707312148,family,0.4758846209211238,0.4769373584666323,0.7436320624965617,0.6329201101928374,0.7683508365171177,0.5037197997396853,0.4598865967270206,0.6807572756780547,0.4847839187327823,0.7906261899442366,3.0,서울,한성백제문화제2018
257,한성백제문화제,한성백제문화제2019,9,2019,114684,695733550.0,2019-09-01,0.0001648389674466,family,0.4501945189971055,0.4965812547568515,0.7754762818053957,0.7142701525054466,0.7943042783375395,0.4594276647053777,0.4458653120941421,0.6698392149341517,0.550068082788671,0.746019215640711,3.0,서울,한성백제문화제2019
258,한성백제문화제,한성백제문화제2022,9,2022,153122,1310823320.0,2022-09-01,0.0001168136068863,family,0.8930459501124022,0.8333199147738491,0.9068520932927712,0.7953216374269005,0.7809602734358032,0.5564000326670575,0.4968483920829888,0.8050123134868898,0.4696736209894104,0.6180263299572623,3.0,서울,한성백제문화제2022
259,한성백제문화제,한성백제문화제2023,9,2023,177022,1256519000.0,2023-09-01,0.0001408828676685,family,0.6508097479306821,0.6940389080174518,0.933239008541634,0.6755973931933381,0.5651039438516446,0.5387530164201589,0.53300843460095,0.7430042446156264,0.5321325126719768,0.5609574276068177,3.0,서울,한성백제문화제2023
260,함평나비축제,함평나비대축제2018,4,2018,248677,977834000.0,2018-04-01,0.0002543141269377,old,0.8854453660920754,0.4408257072866312,0.804240224385415,0.3396256219887845,0.5623487468763285,0.5072865284028213,0.1305852226952273,0.6757857614255074,0.117526261748677,0.4486544499985793,11.0,전남,함평나비대축제2018
261,함평나비축제,함평나비대축제2019,4,2019,281791,890901000.0,2019-04-01,0.0003162988929185,old,0.8847182200107416,0.4685969428104178,0.8070139289540921,0.371632427112806,0.6075811972019161,0.4863824487245228,0.1251407812605916,0.7103457512569026,0.118357116496494,0.447778808996685,11.0,전남,함평나비대축제2019
262,함평나비축제,함평나비대축제2022,4,2022,248702,951548780.0,2022-04-01,0.0002613654761871,old,0.8686393971508091,0.5417074196658384,0.7164264163593698,0.4782807731434384,0.612642892632695,0.5527880647716097,0.1881511066518802,0.6062688568555146,0.2145854526958291,0.4985690824559021,10.0,전남,함평나비대축제2022
263,함평나비축제,함평나비대축제2023,4,2023,264405,1285900000.0,2023-04-01,0.0002056186328641,old,0.8859521131107965,0.5235555674527138,0.7824095585794888,0.2987007362494586,0.5333746155332596,0.6130095675269154,0.2404218264594144,0.7066544971788914,0.1527609354699004,0.4933306222271192,10.0,전남,함평나비대축제2023
264,화성뱃놀이축제,화성뱃놀이축제2018,5,2018,242100,1958143740.0,2018-05-01,0.0001236375017086,family,0.563483747111424,0.4112667407563801,0.6836782008925983,0.4472708653353814,0.6840351260297901,0.4442461186088464,0.3169318970137514,0.5233582565350954,0.290005120327701,0.6583598244740401,9.0,경기,화성뱃놀이축제2018
265,화성뱃놀이축제,화성뱃놀이축제2019,6,2019,133539,2196916980.0,2019-06-01,6.078472751391816e-05,family,0.6903821461089993,0.4988259638183893,0.7181496758986446,0.5259967149469912,0.629819181558662,0.4322182631484866,0.3261254610520769,0.5189378314672952,0.2570927280872032,0.6755673503564655,5.0,경기,화성뱃놀이축제2019
266,화성뱃놀이축제,화성뱃놀이축제2022,9,2022,121585,1585820939.0,2022-09-01,7.667006848621261e-05,family,0.6089956710243727,0.541222649640641,0.7438577191052439,0.6195803247567714,0.6976757057539079,0.5808147137185082,0.5603073907893866,0.6538549688302163,0.6011390216617513,0.701455952106993,3.0,경기,화성뱃놀이축제2022
267,화천산천어축제,화천산천어축제2018,1,2018,421449,5147216936.0,2018-01-01,8.187900475932068e-05,family,0.8807621669007019,0.4365263719849548,0.7922847399829497,0.3610545790934319,0.5766873720742999,0.7203067707716122,0.2285437414230003,0.7345732410611303,0.1309948246118459,0.3139676899819154,,,
268,화천산천어축제,화천산천어축제2019,1,2019,479942,5268486000.0,2019-01-01,9.109675910688572e-05,family,0.8345075671500787,0.4857662347447021,0.7840189004065785,0.3893496031275915,0.5671087207627895,0.6859112297451055,0.2583116724880188,0.7268913226621735,0.1324103394948081,0.3013893430269551,,,
269,화천산천어축제,화천산천어축제2023,1,2023,505763,3261309262.0,2023-01-01,0.0001550797423271,family,0.8550487873029198,0.4568347443322797,0.8769727301163022,0.5201073797241815,0.7352827041993714,0.7057185260650551,0.2517767319485698,0.7821539970820546,0.1995451868333224,0.4044816283661068,,,
270,횡성한우축제,횡성한우축제2018,10,2018,177845,2029171000.0,2018-10-01,8.764416601656538e-05,old,0.9232839225927842,0.6720458763777756,0.9517471622523926,0.4426751592356688,0.7041467030941968,0.4944843737846673,0.3095439599690765,0.7542288003561095,0.3039012738853503,0.5425496584171348,5.0,강원,횡성한우축제2018
271,횡성한우축제,횡성한우축제2019,10,2019,175117,2134683980.0,2019-10-01,8.20341566436452e-05,old,0.8446197640869181,0.7510555810226395,0.92970946579194,0.7156286721504113,0.7201469036818752,0.4565576774056668,0.3134637662619177,0.709729381443299,0.3820799059929494,0.5096492931322216,5.0,강원,횡성한우축제2019
