축제명,개최년도,축제기간(일),(현지인)방문자수,(외지인)방문자수,(외국인)방문자수,(전체)방문자수,일평균 방문자수,전년도 일평균 방문자수,일평균 방문자수 증감률,(이전)전체방문자,(전체)방문자증감,(현지인)방문자비율,(외지인)방문자비율,(외국인)방문자비율,전년대비방문자증감비율,index_x,도,시군구,normalized_index_x,df1_index,df2_index,회계연도,지역명,행사축제명,총비용,사업수익,순원가,시작월,종료월,index_y,normalized_index_y
강경젓갈축제,2018,5,50642,59291,108,110041,22008.2,,,,110041,46.02,53.88,0.1,0,강경젓갈축제2018,충남,논산시,강경젓갈축제2018,강경젓갈축제2018,강경젓갈축제2018,2018,충남,강경젓갈축제,825000000,183950000,641050000,10,10,강경젓갈축제2018,강경젓갈축제2018
강경젓갈축제,2022,5,57971,69910,19,127900,25580,22008.2,16.2,110041,17859,45.33,54.66,0.01,16.23,강경젓갈축제2022,충남,논산시,강경젓갈축제2022,강경젓갈축제2022,강경젓갈축제2022,2022,충남,강경젓갈축제,1003000000,0,1003000000,10,10,강경젓갈축제2022,강경젓갈축제2022
강경젓갈축제,2023,4,52282,71999,18,124299,31074.75,25580,21.5,127900,-3601,42.06,57.92,0.01,-2.82,강경젓갈축제2023,충남,논산시,강경젓갈축제2023,강경젓갈축제2023,강경젓갈축제2023,2023,충남,강경젓갈축제,1178086190,0,1178086190,10,10,강경젓갈축제2023,강경젓갈축제2023
강릉커피축제,2018,5,61368,82621,279,144268,28853.6,,,,144268,42.54,57.27,0.19,0,강릉커피축제2018,강원,강릉시,강릉커피축제2018,강릉커피축제2018,강릉커피축제2018,2018,강원,강릉커피축제,390445000,40000000,350445000,10,10,강릉커피축제2018,강릉커피축제2018
강릉커피축제,2019,4,98907,61246,743,160896,40224,28853.6,39.4,144268,16628,61.47,38.07,0.46,11.53,강릉커피축제2019,강원,강릉시,강릉커피축제2019,강릉커피축제2019,강릉커피축제2019,2019,강원,강릉커피축제,440000000,91000000,349000000,10,10,강릉커피축제2019,강릉커피축제2019
강릉커피축제,2022,4,144613,113950,128,258691,64672.75,40224,60.8,160896,97795,55.9,44.05,0.05,60.78,강릉커피축제2022,강원,강릉시,강릉커피축제2022,,,,,,,,,,,,
강릉커피축제,2023,4,170198,64362,156,234716,58679,64672.75,-9.3,258691,-23975,72.51,27.42,0.07,-9.27,강릉커피축제2023,강원,강릉시,강릉커피축제2023,,,,,,,,,,,,
강진청자축제,2018,7,20025,38289,316,58630,8375.7143,,,,58630,34.15,65.31,0.54,0,강진청자축제2018,전남,강진군,강진청자축제2018,강진청자축제2018,강진청자축제2018,2018,전남,강진청자축제,1320000000,0,1320000000,7,8,강진청자축제2018,강진청자축제2018
강진청자축제,2019,7,20437,34432,75,54944,7849.1429,8375.7143,-6.3,58630,-3686,37.2,62.67,0.14,-6.29,강진청자축제2019,전남,강진군,강진청자축제2019,강진청자축제2019,강진청자축제2019,2019,전남,강진청자축제,1265500000,0,1265500000,10,10,강진청자축제2019,강진청자축제2019
강진청자축제,2023,7,29091,54965,1,84057,12008.1429,7849.1429,53,54944,29113,34.61,65.39,0,52.99,강진청자축제2023,전남,강진군,강진청자축제2023,강진청자축제2023,강진청자축제2023,2023,전남,강진청자축제,949740970,0,949740970,2,3,강진청자축제2023,강진청자축제2023
고령대가야축제,2018,4,35988,43918,118,80024,20006,,,,80024,44.97,54.88,0.15,0,고령대가야축제2018,경북,고령군,고령대가야축제2018,고령대가야축제2018,대가야체험축제2018,2018,경북,대가야체험축제,1376548000,0,1376548000,4,4,대가야체험축제2018,대가야체험축제2018
고령대가야축제,2019,4,37307,54113,109,91529,22882.25,20006,14.4,80024,11505,40.76,59.12,0.12,14.38,고령대가야축제2019,경북,고령군,고령대가야축제2019,고령대가야축제2019,대가야체험축제2019,2019,경북,대가야체험축제,1250225000,0,1250225000,4,4,대가야체험축제2019,대가야체험축제2019
고령대가야축제,2022,4,38013,57655,1,95669,23917.25,22882.25,4.5,91529,4140,39.73,60.27,0,4.52,고령대가야축제2022,경북,고령군,고령대가야축제2022,,,,,,,,,,,,
고령대가야축제,2023,3,33054,55609,9,88672,29557.3333,23917.25,23.6,95669,-6997,37.28,62.71,0.01,-7.31,고령대가야축제2023,경북,고령군,고령대가야축제2023,,,,,,,,,,,,
곡성세계장미축제,2018,10,28680,286974,83,315737,31573.7,,,,315737,9.08,90.89,0.03,0,곡성세계장미축제2018,전남,곡성군,곡성세계장미축제2018,곡성세계장미축제2018,제8회 곡성세계장미축제2018,2018,전남,제8회 곡성세계장미축제,300000000,1319292000,-1019292000,5,5,제8회 곡성세계장미축제2018,제8회곡성세계장미축제2018
곡성세계장미축제,2019,10,30547,224771,175,255493,25549.3,31573.7,-19.1,315737,-60244,11.96,87.98,0.07,-19.08,곡성세계장미축제2019,전남,곡성군,곡성세계장미축제2019,곡성세계장미축제2019,제9회 곡성세계장미축제2019,2019,전남,제9회 곡성세계장미축제,410000000,980650000,-570650000,5,5,제9회 곡성세계장미축제2019,제9회곡성세계장미축제2019
곡성세계장미축제,2022,17,40689,257843,9,298541,17561.2353,25549.3,-31.3,255493,43048,13.63,86.37,0,16.85,곡성세계장미축제2022,전남,곡성군,곡성세계장미축제2022,곡성세계장미축제2022,제12회 곡성세계장미축제2022,2022,전남,제12회 곡성세계장미축제,820000000,0,820000000,5,6,제12회 곡성세계장미축제2022,제12회곡성세계장미축제2022
곡성세계장미축제,2023,10,35434,260955,17,296406,29640.6,17561.2353,68.8,298541,-2135,11.95,88.04,0.01,-0.72,곡성세계장미축제2023,전남,곡성군,곡성세계장미축제2023,곡성세계장미축제2023,제13회 곡성세계장미축제2023,2023,전남,제13회 곡성세계장미축제,745000000,0,745000000,5,5,제13회 곡성세계장미축제2023,제13회곡성세계장미축제2023
관악강감찬축제,2019,3,64056,49106,387,113549,37849.6667,,,,113549,56.41,43.25,0.34,0,관악강감찬축제2019,서울,관악구,관악강감찬축제2019,관악강감찬축제2019,관악강감찬축제2019,2019,서울,관악강감찬축제,501226650,0,501226650,10,10,관악강감찬축제2019,관악강감찬축제2019
관악강감찬축제,2022,3,87262,61107,44,148413,49471,37849.6667,30.7,113549,34864,58.8,41.17,0.03,30.7,관악강감찬축제2022,서울,관악구,관악강감찬축제2022,관악강감찬축제2022,관악강감찬축제2022,2022,서울,관악강감찬축제,520000000,0,520000000,10,10,관악강감찬축제2022,관악강감찬축제2022
관악강감찬축제,2023,3,75453,60602,265,136320,45440,49471,-8.1,148413,-12093,55.35,44.46,0.19,-8.15,관악강감찬축제2023,서울,관악구,관악강감찬축제2023,관악강감찬축제2023,관악강감찬축제2023,2023,서울,관악강감찬축제,570000000,110000000,460000000,10,10,관악강감찬축제2023,관악강감찬축제2023
광안리어방축제,2018,3,54801,98819,691,154311,51437,,,,154311,35.51,64.04,0.45,0,광안리어방축제2018,부산,수영구,광안리어방축제2018,광안리어방축제2018,광안리어방축제2018,2018,부산,광안리어방축제,669083900,264083903,404999997,4,4,광안리어방축제2018,광안리어방축제2018
광안리어방축제,2019,3,50017,76617,770,127404,42468,51437,-17.4,154311,-26907,39.26,60.14,0.6,-17.44,광안리어방축제2019,부산,수영구,광안리어방축제2019,광안리어방축제2019,광안리어방축제2019,2019,부산,광안리어방축제,726262270,221262270,505000000,4,4,광안리어방축제2019,광안리어방축제2019
광안리어방축제,2022,3,68438,104937,189,173564,57854.6667,42468,36.2,127404,46160,39.43,60.46,0.11,36.23,광안리어방축제2022,부산,수영구,광안리어방축제2022,광안리어방축제2022,광안리어방축제2022,2022,부산,광안리어방축제,775000000,75000000,700000000,10,10,광안리어방축제2022,광안리어방축제2022
광안리어방축제,2023,3,64075,115398,338,179811,59937,57854.6667,3.6,173564,6247,35.63,64.18,0.19,3.6,광안리어방축제2023,부산,수영구,광안리어방축제2023,광안리어방축제2023,광안리어방축제2023,2023,부산,광안리어방축제,1075000000,75000000,1000000000,5,5,광안리어방축제2023,광안리어방축제2023
광주김치축제,2018,4,48686,33154,57,81897,20474.25,,,,81897,59.45,40.48,0.07,0,광주김치축제2018,광주,서구,광주김치축제2018,광주김치축제2018,광주세계김치축제2018,2018,광주,광주세계김치축제,896642900,0,896642900,10,10,광주세계김치축제2018,광주세계김치축제2018
광주김치축제,2019,3,40874,29360,51,70285,23428.3333,20474.25,14.4,81897,-11612,58.15,41.77,0.07,-14.18,광주김치축제2019,광주,서구,광주김치축제2019,광주김치축제2019,광주세계김치축제2019,2019,광주,광주세계김치축제,1133952100,0,1133952100,10,10,광주세계김치축제2019,광주세계김치축제2019
광주김치축제,2022,4,159300,170000,38,329338,82334.5,23428.3333,251.4,70285,259053,48.37,51.62,0.01,368.58,광주김치축제2022,광주,서구,광주김치축제2022,광주김치축제2022,광주세계김치축제2022,2022,광주,광주세계김치축제,1013233150,0,1013233150,10,10,광주세계김치축제2022,광주세계김치축제2022
광주김치축제,2023,4,148203,160224,436,308863,77215.75,82334.5,-6.2,329338,-20475,47.98,51.88,0.14,-6.22,광주김치축제2023,광주,서구,광주김치축제2023,광주김치축제2023,광주세계김치축제2023,2023,광주,광주세계김치축제,1163876000,0,1163876000,11,11,광주세계김치축제2023,광주세계김치축제2023
괴산고추축제,2018,4,38254,53578,75,91907,22976.75,,,,91907,41.62,58.3,0.08,0,괴산고추축제2018,충북,괴산군,괴산고추축제2018,괴산고추축제2018,괴산고추축제2018,2018,충북,괴산고추축제,0,0,0,8,9,괴산고추축제2018,괴산고추축제2018
괴산고추축제,2019,4,39975,70971,152,111098,27774.5,22976.75,20.9,91907,19191,35.98,63.88,0.14,20.88,괴산고추축제2019,충북,괴산군,괴산고추축제2019,괴산고추축제2019,괴산고추축제2019,2019,충북,괴산고추축제,991815790,0,991815790,8,9,괴산고추축제2019,괴산고추축제2019
괴산고추축제,2022,4,50340,61335,9,111684,27921,27774.5,0.5,111098,586,45.07,54.92,0.01,0.53,괴산고추축제2022,충북,괴산군,괴산고추축제2022,괴산고추축제2022,괴산고추축제2022,2022,충북,괴산고추축제,1129331000,0,1129331000,9,9,괴산고추축제2022,괴산고추축제2022
괴산고추축제,2023,4,52928,79873,58,132859,33214.75,27921,19,111684,21175,39.84,60.12,0.04,18.96,괴산고추축제2023,충북,괴산군,괴산고추축제2023,괴산고추축제2023,괴산고추축제2023,2023,충북,괴산고추축제,1140000000,0,1140000000,8,9,괴산고추축제2023,괴산고추축제2023
군산시간여행축제,2018,3,93059,36403,90,129552,43184,,,,129552,71.83,28.1,0.07,0,군산시간여행축제2018,전북,군산시,군산시간여행축제2018,군산시간여행축제2018,군산시간여행축제2018,2018,전북,군산시간여행축제,653087850,50000000,603087850,9,9,군산시간여행축제2018,군산시간여행축제2018
군산시간여행축제,2019,3,90067,53838,72,143977,47992.3333,43184,11.1,129552,14425,62.56,37.39,0.05,11.13,군산시간여행축제2019,전북,군산시,군산시간여행축제2019,군산시간여행축제2019,군산시간여행축제2019,2019,전북,군산시간여행축제,637788680,30000000,607788680,10,10,군산시간여행축제2019,군산시간여행축제2019
군산시간여행축제,2022,4,134175,76724,42,210941,52735.25,47992.3333,9.9,143977,66964,63.61,36.37,0.02,46.51,군산시간여행축제2022,전북,군산시,군산시간여행축제2022,군산시간여행축제2022,군산시간여행축제2022,2022,전북,군산시간여행축제,817596300,70000000,747596300,10,10,군산시간여행축제2022,군산시간여행축제2022
군산시간여행축제,2023,4,179570,75490,135,255195,63798.75,52735.25,21,210941,44254,70.37,29.58,0.05,20.98,군산시간여행축제2023,전북,군산시,군산시간여행축제2023,군산시간여행축제2023,군산시간여행축제2023,2023,전북,군산시간여행축제,880673950,70000000,810673950,10,10,군산시간여행축제2023,군산시간여행축제2023
금산인삼축제,2018,10,215278,224894,443,440615,44061.5,,,,440615,48.86,51.04,0.1,0,금산인삼축제2018,충남,금산군,금산인삼축제2018,금산인삼축제2018,금산인삼축제2018,2018,충남,금산인삼축제,2124975949,0,2124975949,10,10,금산인삼축제2018,금산인삼축제2018
금산인삼축제,2019,10,232728,225600,2305,460633,46063.3,44061.5,4.5,440615,20018,50.52,48.98,0.5,4.54,금산인삼축제2019,충남,금산군,금산인삼축제2019,,,,,,,,,,,,
금산인삼축제,2022,11,300315,267140,56,567511,51591.9091,46063.3,12,460633,106878,52.92,47.07,0.01,23.2,금산인삼축제2022,충남,금산군,금산인삼축제2022,금산인삼축제2022,금산인삼축제2022,2022,충남,금산인삼축제,2500000000,0,2500000000,9,10,금산인삼축제2022,금산인삼축제2022
금산인삼축제,2023,10,297531,253536,432,551499,55149.9,51591.9091,6.9,567511,-16012,53.95,45.97,0.08,-2.82,금산인삼축제2023,충남,금산군,금산인삼축제2023,금산인삼축제2023,금산인삼축제2023,2023,충남,금산인삼축제,3500000000,0,3500000000,10,10,금산인삼축제2023,금산인삼축제2023
금호강바람소리길축제,2019,2,55369,54782,398,110549,55274.5,,,,110549,50.09,49.55,0.36,0,금호강바람소리길축제2019,대구,대구,금호강바람소리길축제2019,,,,,,,,,,,,
금호강바람소리길축제,2022,2,59401,69725,14,129140,64570,55274.5,16.8,110549,18591,46,53.99,0.01,16.82,금호강바람소리길축제2022,대구,대구,금호강바람소리길축제2022,금호강바람소리길축제2022,금호강 바람소리길 축제2022,2022,대구,금호강 바람소리길 축제,319564360,0,319564360,9,9,금호강 바람소리길 축제2022,금호강바람소리길축제2022
금호강바람소리길축제,2023,3,97531,102436,152,200119,66706.3333,64570,3.3,129140,70979,48.74,51.19,0.08,54.96,금호강바람소리길축제2023,대구,대구,금호강바람소리길축제2023,금호강바람소리길축제2023,금호강 바람소리길 축제2023,2023,대구,금호강 바람소리길 축제,469442320,0,469442320,9,9,금호강 바람소리길 축제2023,금호강바람소리길축제2023
김제지평선축제,2018,5,43630,69298,336,113264,22652.8,,,,113264,38.52,61.18,0.3,0,김제지평선축제2018,전북,김제시,김제지평선축제2018,김제지평선축제2018,김제지평선축제2018,2018,전북,김제지평선축제,1999700000,30000000,1969700000,10,10,김제지평선축제2018,김제지평선축제2018
김제지평선축제,2019,10,71992,112269,193,184454,18445.4,22652.8,-18.6,113264,71190,39.03,60.87,0.1,62.85,김제지평선축제2019,전북,김제시,김제지평선축제2019,김제지평선축제2019,김제지평선축제2019,2019,전북,김제지평선축제,2299000000,0,2299000000,9,10,김제지평선축제2019,김제지평선축제2019
김제지평선축제,2022,5,59096,89065,6,148167,29633.4,18445.4,60.7,184454,-36287,39.88,60.11,0,-19.67,김제지평선축제2022,전북,김제시,김제지평선축제2022,김제지평선축제2022,김제지평선축제2022,2022,전북,김제지평선축제,2069839350,0,2069839350,9,10,김제지평선축제2022,김제지평선축제2022
김제지평선축제,2023,5,57094,89480,77,146651,29330.2,29633.4,-1,148167,-1516,38.93,61.02,0.05,-1.02,김제지평선축제2023,전북,김제시,김제지평선축제2023,김제지평선축제2023,김제지평선축제2023,2023,전북,김제지평선축제,2034103760,0,2034103760,10,10,김제지평선축제2023,김제지평선축제2023
김해분청도자기축제,2018,10,90070,64702,288,155060,15506,,,,155060,58.09,41.73,0.19,0,김해분청도자기축제2018,경남,김해시,김해분청도자기축제2018,김해분청도자기축제2018,김해분청도자기축제2018,2018,경남,김해분청도자기축제,363307500,0,363307500,10,10,김해분청도자기축제2018,김해분청도자기축제2018
김해분청도자기축제,2019,10,69983,41811,321,112115,11211.5,15506,-27.7,155060,-42945,62.42,37.29,0.29,-27.7,김해분청도자기축제2019,경남,김해시,김해분청도자기축제2019,,,,,,,,,,,,
김해분청도자기축제,2022,10,115497,67566,26,183089,18308.9,11211.5,63.3,112115,70974,63.08,36.9,0.01,63.3,김해분청도자기축제2022,경남,김해시,김해분청도자기축제2022,김해분청도자기축제2022,김해분청도자기축제2022,2022,경남,김해분청도자기축제,381290000,0,381290000,10,10,김해분청도자기축제2022,김해분청도자기축제2022
김해분청도자기축제,2023,10,107345,57788,147,165280,16528,18308.9,-9.7,183089,-17809,64.95,34.96,0.09,-9.73,김해분청도자기축제2023,경남,김해시,김해분청도자기축제2023,김해분청도자기축제2023,김해분청도자기축제2023,2023,경남,김해분청도자기축제,386209830,20000000,366209830,10,10,김해분청도자기축제2023,김해분청도자기축제2023
남원춘향제,2018,5,40355,44830,42,85227,17045.4,,,,85227,47.35,52.6,0.05,0,남원춘향제2018,전북,남원시,남원춘향제2018,남원춘향제2018,춘향제2018,2018,전북,춘향제,1265844820,550000000,715844820,5,5,춘향제2018,춘향제2018
남원춘향제,2019,5,42233,35639,64,77936,15587.2,17045.4,-8.6,85227,-7291,54.19,45.73,0.08,-8.55,남원춘향제2019,전북,남원시,남원춘향제2019,남원춘향제2019,춘향제2019,2019,전북,춘향제,1212000000,310000000,902000000,5,5,춘향제2019,춘향제2019
남원춘향제,2022,5,59276,51267,3,110546,22109.2,15587.2,41.8,77936,32610,53.62,46.38,0,41.84,남원춘향제2022,전북,남원시,남원춘향제2022,남원춘향제2022,춘향제2022,2022,전북,춘향제,975658000,0,975658000,5,5,춘향제2022,춘향제2022
남원춘향제,2023,5,70626,63884,25,134535,26907,22109.2,21.7,110546,23989,52.5,47.49,0.02,21.7,남원춘향제2023,전북,남원시,남원춘향제2023,남원춘향제2023,춘향제2023,2023,전북,춘향제,1879723670,0,1879723670,5,5,춘향제2023,춘향제2023
담양대나무축제,2018,6,73102,166564,290,239956,39992.6667,,,,239956,30.46,69.41,0.12,0,담양대나무축제2018,전남,담양군,담양대나무축제2018,담양대나무축제2018,담양대나무축제2018,2018,전남,담양대나무축제,709129900,20000000,689129900,5,5,담양대나무축제2018,담양대나무축제2018
담양대나무축제,2019,6,77130,208406,398,285934,47655.6667,39992.6667,19.2,239956,45978,26.97,72.89,0.14,19.16,담양대나무축제2019,전남,담양군,담양대나무축제2019,담양대나무축제2019,담양대나무축제2019,2019,전남,담양대나무축제,734250000,170000000,564250000,5,5,담양대나무축제2019,담양대나무축제2019
담양대나무축제,2023,5,85117,126686,25,211828,42365.6,47655.6667,-11.1,285934,-74106,40.18,59.81,0.01,-25.92,담양대나무축제2023,전남,담양군,담양대나무축제2023,담양대나무축제2023,담양대나무축제2023,2023,전남,담양대나무축제,600000000,0,600000000,5,5,담양대나무축제2023,담양대나무축제2023
대구약령시한방문화축제,2018,5,68570,222713,549,291832,58366.4,,,,291832,23.5,76.32,0.19,0,대구약령시한방문화축제2018,대구,대구,대구약령시한방문화축제2018,,,,,,,,,,,,
대구약령시한방문화축제,2019,5,70912,234411,2371,307694,61538.8,58366.4,5.4,291832,15862,23.05,76.18,0.77,5.44,대구약령시한방문화축제2019,대구,대구,대구약령시한방문화축제2019,,,,,,,,,,,,
대구약령시한방문화축제,2022,5,57047,181569,57,238673,47734.6,61538.8,-22.4,307694,-69021,23.9,76.07,0.02,-22.43,대구약령시한방문화축제2022,대구,대구,대구약령시한방문화축제2022,,,,,,,,,,,,
대구약령시한방문화축제,2023,3,31703,106142,265,138110,46036.6667,47734.6,-3.6,238673,-100563,22.95,76.85,0.19,-42.13,대구약령시한방문화축제2023,대구,대구,대구약령시한방문화축제2023,대구약령시한방문화축제2023,약령시한방문화축제2023,2023,대구,약령시한방문화축제,20000000,0,20000000,5,5,약령시한방문화축제2023,약령시한방문화축제2023
대구치맥페스티벌,2018,5,105973,147276,467,253716,50743.2,,,,253716,41.77,58.05,0.18,0,대구치맥페스티벌2018,대구,대구,대구치맥페스티벌2018,대구치맥페스티벌2018,대구치맥페스티벌2018,2018,대구,대구치맥페스티벌,1848087691,0,1848087691,7,7,대구치맥페스티벌2018,대구치맥페스티벌2018
대구치맥페스티벌,2019,5,108254,140051,962,249267,49853.4,50743.2,-1.8,253716,-4449,43.43,56.19,0.39,-1.75,대구치맥페스티벌2019,대구,대구,대구치맥페스티벌2019,대구치맥페스티벌2019,대구치맥페스티벌2019,2019,대구,대구치맥페스티벌,1911879081,70000000,1841879081,7,7,대구치맥페스티벌2019,대구치맥페스티벌2019
대구치맥페스티벌,2022,5,85961,141431,12,227404,45480.8,49853.4,-8.8,249267,-21863,37.8,62.19,0.01,-8.77,대구치맥페스티벌2022,대구,대구,대구치맥페스티벌2022,대구치맥페스티벌2022,대구치맥페스티벌2022,2022,대구,대구치맥페스티벌,2182259481,30000000,2152259481,7,7,대구치맥페스티벌2022,대구치맥페스티벌2022
대구치맥페스티벌,2023,5,96663,130011,359,227033,45406.6,45480.8,-0.2,227404,-371,42.58,57.27,0.16,-0.16,대구치맥페스티벌2023,대구,대구,대구치맥페스티벌2023,대구치맥페스티벌2023,대구치맥페스티벌2023,2023,대구,대구치맥페스티벌,12420856644,0,12420856644,8,9,대구치맥페스티벌2023,대구치맥페스티벌2023
대전사이언스페스티벌,2018,4,111622,68855,828,181305,45326.25,,,,181305,61.57,37.98,0.46,0,대전사이언스페스티벌2018,대전,유성구,대전사이언스페스티벌2018,대전사이언스페스티벌2018,대전사이언스페스티벌2018,2018,대전,대전사이언스페스티벌,1215000000,15000000,1200000000,10,10,대전사이언스페스티벌2018,대전사이언스페스티벌2018
대전사이언스페스티벌,2019,4,106341,64139,355,170835,42708.75,45326.25,-5.8,181305,-10470,62.25,37.54,0.21,-5.77,대전사이언스페스티벌2019,대전,유성구,대전사이언스페스티벌2019,대전사이언스페스티벌2019,대전사이언스페스티벌2019,2019,대전,대전사이언스페스티벌,1160000000,15000000,1145000000,10,10,대전사이언스페스티벌2019,대전사이언스페스티벌2019
대전사이언스페스티벌,2022,4,121807,89456,59,211322,52830.5,42708.75,23.7,170835,40487,57.64,42.33,0.03,23.7,대전사이언스페스티벌2022,대전,유성구,대전사이언스페스티벌2022,대전사이언스페스티벌2022,대전사이언스페스티벌2022,2022,대전,대전사이언스페스티벌,1160000000,0,1160000000,10,10,대전사이언스페스티벌2022,대전사이언스페스티벌2022
대전사이언스페스티벌,2023,3,88731,77886,134,166751,55583.6667,52830.5,5.2,211322,-44571,53.21,46.71,0.08,-21.09,대전사이언스페스티벌2023,대전,유성구,대전사이언스페스티벌2023,대전사이언스페스티벌2023,대전사이언스페스티벌2023,2023,대전,대전사이언스페스티벌,1500000000,0,1500000000,10,10,대전사이언스페스티벌2023,대전사이언스페스티벌2023
대전효문화뿌리축제,2018,3,56648,57160,46,113854,37951.3333,,,,113854,49.75,50.2,0.04,0,대전효문화뿌리축제2018,대전,중구,대전효문화뿌리축제2018,대전효문화뿌리축제2018,효문화 뿌리축제2018,2018,대전,효문화 뿌리축제,829284800,130000000,699284800,10,10,효문화 뿌리축제2018,효문화뿌리축제2018
대전효문화뿌리축제,2019,3,65601,85582,501,151684,50561.3333,37951.3333,33.2,113854,37830,43.25,56.42,0.33,33.23,대전효문화뿌리축제2019,대전,중구,대전효문화뿌리축제2019,대전효문화뿌리축제2019,효문화 뿌리축제2019,2019,대전,효문화 뿌리축제,799324450,30000000,769324450,9,9,효문화 뿌리축제2019,효문화뿌리축제2019
대전효문화뿌리축제,2022,3,56474,69078,13,125565,41855,50561.3333,-17.2,151684,-26119,44.98,55.01,0.01,-17.22,대전효문화뿌리축제2022,대전,중구,대전효문화뿌리축제2022,대전효문화뿌리축제2022,대전효문화뿌리축제2022,2022,대전,대전효문화뿌리축제,815996600,16000000,799996600,10,10,대전효문화뿌리축제2022,대전효문화뿌리축제2022
대전효문화뿌리축제,2023,3,50972,73515,55,124542,41514,41855,-0.8,125565,-1023,40.93,59.03,0.04,-0.81,대전효문화뿌리축제2023,대전,중구,대전효문화뿌리축제2023,대전효문화뿌리축제2023,대전효문화뿌리축제2023,2023,대전,대전효문화뿌리축제,1192258000,300000000,892258000,10,10,대전효문화뿌리축제2023,대전효문화뿌리축제2023
동래읍성역사축제,2018,3,96887,105153,122,202162,67387.3333,,,,202162,47.93,52.01,0.06,0,동래읍성역사축제2018,부산,동래구,동래읍성역사축제2018,동래읍성역사축제2018,동래읍성역사축제2018,2018,부산,동래읍성역사축제,485000000,145000000,340000000,10,10,동래읍성역사축제2018,동래읍성역사축제2018
동래읍성역사축제,2019,3,104103,110827,184,215114,71704.6667,67387.3333,6.4,202162,12952,48.39,51.52,0.09,6.41,동래읍성역사축제2019,부산,동래구,동래읍성역사축제2019,동래읍성역사축제2019,동래읍성역사축제2019,2019,부산,동래읍성역사축제,446460000,45000000,401460000,10,10,동래읍성역사축제2019,동래읍성역사축제2019
동래읍성역사축제,2022,3,116630,100134,10,216774,72258,71704.6667,0.8,215114,1660,53.8,46.19,0,0.77,동래읍성역사축제2022,부산,동래구,동래읍성역사축제2022,동래읍성역사축제2022,동래읍성역사축제2022,2022,부산,동래읍성역사축제,585438000,64000000,521438000,10,10,동래읍성역사축제2022,동래읍성역사축제2022
동래읍성역사축제,2023,3,109390,86849,113,196352,65450.6667,72258,-9.4,216774,-20422,55.71,44.23,0.06,-9.42,동래읍성역사축제2023,부산,동래구,동래읍성역사축제2023,동래읍성역사축제2023,동래읍성역사축제2023,2023,부산,동래읍성역사축제,631264000,0,631264000,10,10,동래읍성역사축제2023,동래읍성역사축제2023
목포항구축제,2018,3,24801,26414,43,51258,17086,,,,51258,48.38,51.53,0.08,0,목포항구축제2018,전남,목포시,목포항구축제2018,목포항구축제2018,목포항구축제2018,2018,전남,목포항구축제,602750000,80000000,522750000,10,10,목포항구축제2018,목포항구축제2018
목포항구축제,2019,4,42719,46874,54,89647,22411.75,17086,31.2,51258,38389,47.65,52.29,0.06,74.89,목포항구축제2019,전남,목포시,목포항구축제2019,목포항구축제2019,목포항구축제2019,2019,전남,목포항구축제,615000000,30000000,585000000,10,10,목포항구축제2019,목포항구축제2019
목포항구축제,2022,3,48985,48174,7,97166,32388.6667,22411.75,44.5,89647,7519,50.41,49.58,0.01,8.39,목포항구축제2022,전남,목포시,목포항구축제2022,목포항구축제2022,목포항구축제2022,2022,전남,목포항구축제,797501000,0,797501000,10,10,목포항구축제2022,목포항구축제2022
목포항구축제,2023,3,40189,43629,88,83906,27968.6667,32388.6667,-13.6,97166,-13260,47.9,52,0.1,-13.65,목포항구축제2023,전남,목포시,목포항구축제2023,목포항구축제2023,목포항구축제2023,2023,전남,목포항구축제,968421400,677894980,290526420,10,10,목포항구축제2023,목포항구축제2023
무주반딧불축제,2018,9,78309,99007,180,177496,19721.7778,,,,177496,44.12,55.78,0.1,0,무주반딧불축제2018,전북,무주군,무주반딧불축제2018,무주반딧불축제2018,무주반딧불축제2018,2018,전북,무주반딧불축제,2849963580,410000000,2439963580,9,9,무주반딧불축제2018,무주반딧불축제2018
무주반딧불축제,2019,9,75086,70230,86,145402,16155.7778,19721.7778,-18.1,177496,-32094,51.64,48.3,0.06,-18.08,무주반딧불축제2019,전북,무주군,무주반딧불축제2019,무주반딧불축제2019,무주반딧불축제2019,2019,전북,무주반딧불축제,2376270290,0,2376270290,8,9,무주반딧불축제2019,무주반딧불축제2019
무주반딧불축제,2022,9,85965,88057,2,174024,19336,16155.7778,19.7,145402,28622,49.4,50.6,0,19.68,무주반딧불축제2022,전북,무주군,무주반딧불축제2022,무주반딧불축제2022,무주반딧불축제2022,2022,전북,무주반딧불축제,2199319210,0,2199319210,8,9,무주반딧불축제2022,무주반딧불축제2022
무주반딧불축제,2023,9,87064,120005,93,207162,23018,19336,19,174024,33138,42.03,57.93,0.04,19.04,무주반딧불축제2023,전북,무주군,무주반딧불축제2023,무주반딧불축제2023,무주반딧불축제2023,2023,전북,무주반딧불축제,2199319210,0,2199319210,9,9,무주반딧불축제2023,무주반딧불축제2023
문경찻사발축제,2018,10,48486,126086,258,174830,17483,,,,174830,27.73,72.12,0.15,0,문경찻사발축제2018,경북,문경시,문경찻사발축제2018,문경찻사발축제2018,문경전통찻사발축제2018,2018,경북,문경전통찻사발축제,1123725000,1000000000,123725000,4,5,문경전통찻사발축제2018,문경전통찻사발축제2018
문경찻사발축제,2019,10,48092,121642,178,169912,16991.2,17483,-2.8,174830,-4918,28.3,71.59,0.1,-2.81,문경찻사발축제2019,경북,문경시,문경찻사발축제2019,문경찻사발축제2019,문경전통찻사발축제2019,2019,경북,문경전통찻사발축제,1180000000,940000000,240000000,4,5,문경전통찻사발축제2019,문경전통찻사발축제2019
문경찻사발축제,2022,9,49408,117671,6,167085,18565,16991.2,9.3,169912,-2827,29.57,70.43,0,-1.66,문경찻사발축제2022,경북,문경시,문경찻사발축제2022,문경찻사발축제2022,문경찻사발축제2022,2022,경북,문경찻사발축제,1060162640,0,1060162640,4,5,문경찻사발축제2022,문경찻사발축제2022
문경찻사발축제,2023,9,59726,146531,102,206359,22928.7778,18565,23.5,167085,39274,28.94,71.01,0.05,23.51,문경찻사발축제2023,경북,문경시,문경찻사발축제2023,문경찻사발축제2023,문경찻사발축제2023,2023,경북,문경찻사발축제,1500000000,79456933,1420543067,4,5,문경찻사발축제2023,문경찻사발축제2023
밀양아리랑대축제,2018,4,82638,31585,35,114258,28564.5,,,,114258,72.33,27.64,0.03,0,밀양아리랑대축제2018,경남,밀양시,밀양아리랑대축제2018,밀양아리랑대축제2018,밀양아리랑대축제2018,2018,경남,밀양아리랑대축제,2115391460,120000000,1995391460,5,5,밀양아리랑대축제2018,밀양아리랑대축제2018
밀양아리랑대축제,2019,4,81580,30527,14,112121,28030.25,28564.5,-1.9,114258,-2137,72.76,27.23,0.01,-1.87,밀양아리랑대축제2019,경남,밀양시,밀양아리랑대축제2019,밀양아리랑대축제2019,밀양아리랑대축제2019,2019,경남,밀양아리랑대축제,2217352000,0,2217352000,5,5,밀양아리랑대축제2019,밀양아리랑대축제2019
밀양아리랑대축제,2022,4,101733,35483,3,137219,34304.75,28030.25,22.4,112121,25098,74.14,25.86,0,22.38,밀양아리랑대축제2022,경남,밀양시,밀양아리랑대축제2022,밀양아리랑대축제2022,밀양아리랑대축제2022,2022,경남,밀양아리랑대축제,2160000000,210000000,1950000000,9,9,밀양아리랑대축제2022,밀양아리랑대축제2022
밀양아리랑대축제,2023,4,104343,37401,19,141763,35440.75,34304.75,3.3,137219,4544,73.6,26.38,0.01,3.31,밀양아리랑대축제2023,경남,밀양시,밀양아리랑대축제2023,밀양아리랑대축제2023,밀양아리랑대축제2023,2023,경남,밀양아리랑대축제,2200000000,0,2200000000,5,5,밀양아리랑대축제2023,밀양아리랑대축제2023
보령머드축제,2018,10,122151,338694,1467,462312,46231.2,,,,462312,26.42,73.26,0.32,0,보령머드축제2018,충남,보령시,보령머드축제2018,보령머드축제2018,보령머드축제2018,2018,충남,보령머드축제,2852869000,0,2852869000,7,7,보령머드축제2018,보령머드축제2018
보령머드축제,2019,10,117284,325715,1811,444810,44481,46231.2,-3.8,462312,-17502,26.37,73.23,0.41,-3.79,보령머드축제2019,충남,보령시,보령머드축제2019,보령머드축제2019,보령머드축제2019,2019,충남,보령머드축제,2892180000,0,2892180000,7,7,보령머드축제2019,보령머드축제2019
보령머드축제,2022,31,449549,1213604,456,1663609,53664.8065,44481,20.6,444810,1218799,27.02,72.95,0.03,274,보령머드축제2022,충남,보령시,보령머드축제2022,보령머드축제2022,보령머드축제2022,2022,충남,보령머드축제,4542217000,0,4542217000,7,8,보령머드축제2022,보령머드축제2022
보령머드축제,2023,17,225506,614824,1660,841990,49528.8235,53664.8065,-7.7,1663609,-821619,26.78,73.02,0.2,-49.39,보령머드축제2023,충남,보령시,보령머드축제2023,보령머드축제2023,보령머드축제2023,2023,충남,보령머드축제,4578328000,459537000,4118791000,7,8,보령머드축제2023,보령머드축제2023
보성다향대축제,2018,5,35116,44564,153,79833,15966.6,,,,79833,43.99,55.82,0.19,0,보성다향대축제2018,전남,보성군,보성다향대축제2018,보성다향대축제2018,보성다향대축제2018,2018,전남,보성다향대축제,680000000,0,680000000,5,5,보성다향대축제2018,보성다향대축제2018
보성다향대축제,2019,5,39497,60576,280,100353,20070.6,15966.6,25.7,79833,20520,39.36,60.36,0.28,25.7,보성다향대축제2019,전남,보성군,보성다향대축제2019,보성다향대축제2019,보성다향대축제2019,2019,전남,보성다향대축제,870000000,0,870000000,5,5,보성다향대축제2019,보성다향대축제2019
보성다향대축제,2023,9,84619,95324,91,180034,20003.7778,20070.6,-0.3,100353,79681,47,52.95,0.05,79.4,보성다향대축제2023,전남,보성군,보성다향대축제2023,보성다향대축제2023,보성다향대축제2023,2023,전남,보성다향대축제,929003170,0,929003170,4,5,보성다향대축제2023,보성다향대축제2023
봉화은어축제,2018,8,57928,97542,73,155543,19442.875,,,,155543,37.24,62.71,0.05,0,봉화은어축제2018,경북,봉화군,봉화은어축제2018,봉화은어축제2018,봉화은어축제2018,2018,경북,봉화은어축제,1475114560,0,1475114560,7,8,봉화은어축제2018,봉화은어축제2018
봉화은어축제,2019,9,70603,131580,167,202350,22483.3333,19442.875,15.6,155543,46807,34.89,65.03,0.08,30.09,봉화은어축제2019,경북,봉화군,봉화은어축제2019,봉화은어축제2019,봉화은어축제2019,2019,경북,봉화은어축제,2031275630,0,2031275630,7,8,봉화은어축제2019,봉화은어축제2019
봉화은어축제,2022,9,70602,113172,7,183781,20420.1111,22483.3333,-9.2,202350,-18569,38.42,61.58,0,-9.18,봉화은어축제2022,경북,봉화군,봉화은어축제2022,봉화은어축제2022,봉화은어축제2022,2022,경북,봉화은어축제,1660122016,0,1660122016,7,8,봉화은어축제2022,봉화은어축제2022
부안마실축제,2018,3,56458,61192,47,117697,39232.3333,,,,117697,47.97,51.99,0.04,0,부안마실축제2018,전북,부안군,부안마실축제2018,부안마실축제2018,부안마실축제2018,2018,전북,부안마실축제,886684960,190000000,696684960,5,5,부안마실축제2018,부안마실축제2018
부안마실축제,2019,3,59555,65809,221,125585,41861.6667,39232.3333,6.7,117697,7888,47.42,52.4,0.18,6.7,부안마실축제2019,전북,부안군,부안마실축제2019,부안마실축제2019,부안마실축제2019,2019,전북,부안마실축제,906075000,205000000,701075000,5,5,부안마실축제2019,부안마실축제2019
부안마실축제,2022,27,478322,144371,59,622752,23064.8889,41861.6667,-44.9,125585,497167,76.81,23.18,0.01,395.88,부안마실축제2022,전북,부안군,부안마실축제2022,,,,,,,,,,,,
부안마실축제,2023,3,67163,36567,8,103738,34579.3333,23064.8889,49.9,622752,-519014,64.74,35.25,0.01,-83.34,부안마실축제2023,전북,부안군,부안마실축제2023,부안마실축제2023,부안마실축제2023,2023,전북,부안마실축제,1090204320,200000000,890204320,5,5,부안마실축제2023,부안마실축제2023
부천국제만화축제,2019,5,351816,275942,1239,628997,125799.4,,,,628997,55.93,43.87,0.2,0,부천국제만화축제2019,경기,부천시,부천국제만화축제2019,부천국제만화축제2019,부천국제만화축제2019,2019,경기,부천국제만화축제,724273000,55000000,669273000,8,8,부천국제만화축제2019,부천국제만화축제2019
부천국제만화축제,2022,4,326099,171386,103,497588,124397,125799.4,-1.1,628997,-131409,65.54,34.44,0.02,-20.89,부천국제만화축제2022,경기,부천시,부천국제만화축제2022,부천국제만화축제2022,부천국제만화축제2022,2022,경기,부천국제만화축제,494486717,80000000,414486717,9,10,부천국제만화축제2022,부천국제만화축제2022
부천국제만화축제,2023,4,325375,156454,481,482310,120577.5,124397,-3.1,497588,-15278,67.46,32.44,0.1,-3.07,부천국제만화축제2023,경기,부천시,부천국제만화축제2023,부천국제만화축제2023,부천국제만화축제2023,2023,경기,부천국제만화축제,680039619,100000000,580039619,9,9,부천국제만화축제2023,부천국제만화축제2023
부평풍물대축제,2018,3,148214,127463,543,276220,92073.3333,,,,276220,53.66,46.15,0.2,0,부평풍물대축제2018,인천,부평구,부평풍물대축제2018,부평풍물대축제2018,부평풍물대축제2018,2018,인천,부평풍물대축제,625851010,0,625851010,10,10,부평풍물대축제2018,부평풍물대축제2018
부평풍물대축제,2022,3,155859,115042,153,271054,90351.3333,92073.3333,-1.9,276220,-5166,57.5,42.44,0.06,-1.87,부평풍물대축제2022,인천,부평구,부평풍물대축제2022,부평풍물대축제2022,부평풍물대축제2022,2022,인천,부평풍물대축제,599488840,200000000,399488840,9,10,부평풍물대축제2022,부평풍물대축제2022
부평풍물대축제,2023,3,143757,115587,284,259628,86542.6667,90351.3333,-4.2,271054,-11426,55.37,44.52,0.11,-4.22,부평풍물대축제2023,인천,부평구,부평풍물대축제2023,부평풍물대축제2023,부평풍물대축제2023,2023,인천,부평풍물대축제,703710000,200000000,503710000,9,9,부평풍물대축제2023,부평풍물대축제2023
산청한방약초축제,2018,12,28143,58344,399,86886,7240.5,,,,86886,32.39,67.15,0.46,0,산청한방약초축제2018,경남,산청군,산청한방약초축제2018,산청한방약초축제2018,산청한방약초축제2018,2018,경남,산청한방약초축제,2034511832,400000000,1634511832,9,10,산청한방약초축제2018,산청한방약초축제2018
산청한방약초축제,2019,13,29375,58742,277,88394,6799.5385,7240.5,-6.1,86886,1508,33.23,66.45,0.31,1.74,산청한방약초축제2019,경남,산청군,산청한방약초축제2019,산청한방약초축제2019,산청한방약초축제2019,2019,경남,산청한방약초축제,2167000000,467000000,1700000000,9,10,산청한방약초축제2019,산청한방약초축제2019
산청한방약초축제,2022,11,37706,87599,6,125311,11391.9091,6799.5385,67.5,88394,36917,30.09,69.91,0,41.76,산청한방약초축제2022,경남,산청군,산청한방약초축제2022,산청한방약초축제2022,산청한방약초축제2022,2022,경남,산청한방약초축제,2394390740,120000000,2274390740,9,10,산청한방약초축제2022,산청한방약초축제2022
산청한방약초축제,2023,5,18100,53122,62,71284,14256.8,11391.9091,25.1,125311,-54027,25.39,74.52,0.09,-43.11,산청한방약초축제2023,경남,산청군,산청한방약초축제2023,산청한방약초축제2023,산청한방약초축제2023,2023,경남,산청한방약초축제,2840643500,56216880,2784426620,10,10,산청한방약초축제2023,산청한방약초축제2023
서산해미읍성축제,2018,3,42045,44467,69,86581,28860.3333,,,,86581,48.56,51.36,0.08,0,서산해미읍성축제2018,충남,서산시,서산해미읍성축제2018,서산해미읍성축제2018,서산해미읍성축제2018,2018,충남,서산해미읍성축제,880000000,0,880000000,10,10,서산해미읍성축제2018,서산해미읍성축제2018
서산해미읍성축제,2019,3,41976,56389,45,98410,32803.3333,28860.3333,13.7,86581,11829,42.65,57.3,0.05,13.66,서산해미읍성축제2019,충남,서산시,서산해미읍성축제2019,서산해미읍성축제2019,서산해미읍성축제2019,2019,충남,서산해미읍성축제,900000000,0,900000000,10,10,서산해미읍성축제2019,서산해미읍성축제2019
서산해미읍성축제,2022,3,41519,44649,20,86188,28729.3333,32803.3333,-12.4,98410,-12222,48.17,51.8,0.02,-12.42,서산해미읍성축제2022,충남,서산시,서산해미읍성축제2022,서산해미읍성축제2022,서산해미읍성축제2022,2022,충남,서산해미읍성축제,1114648150,0,1114648150,10,10,서산해미읍성축제2022,서산해미읍성축제2022
서산해미읍성축제,2023,3,43239,46942,40,90221,30073.6667,28729.3333,4.7,86188,4033,47.93,52.03,0.04,4.68,서산해미읍성축제2023,충남,서산시,서산해미읍성축제2023,서산해미읍성축제2023,서산해미읍성축제2023,2023,충남,서산해미읍성축제,1643717000,0,1643717000,10,10,서산해미읍성축제2023,서산해미읍성축제2023
석장리세계구석기축제,2018,4,27628,39349,14,66991,16747.75,,,,66991,41.24,58.74,0.02,0,석장리세계구석기축제2018,충남,공주시,석장리세계구석기축제2018,석장리세계구석기축제2018,석장리 구석기 축제2018,2018,충남,석장리 구석기 축제,700000000,127567000,572433000,5,5,석장리 구석기 축제2018,석장리구석기축제2018
석장리세계구석기축제,2019,4,34880,52960,12,87852,21963,16747.75,31.1,66991,20861,39.7,60.28,0.01,31.14,석장리세계구석기축제2019,충남,공주시,석장리세계구석기축제2019,석장리세계구석기축제2019,석장리 구석기 축제2019,2019,충남,석장리 구석기 축제,600000000,119970187,480029813,5,5,석장리 구석기 축제2019,석장리구석기축제2019
석장리세계구석기축제,2022,4,37608,39184,2,76794,19198.5,21963,-12.6,87852,-11058,48.97,51.02,0,-12.59,석장리세계구석기축제2022,충남,공주시,석장리세계구석기축제2022,석장리세계구석기축제2022,석장리 구석기 축제2022,2022,충남,석장리 구석기 축제,1075376710,45243078,1030133632,5,5,석장리 구석기 축제2022,석장리구석기축제2022
석장리세계구석기축제,2023,3,30681,23278,10,53969,17989.6667,19198.5,-6.3,76794,-22825,56.85,43.13,0.02,-29.72,석장리세계구석기축제2023,충남,공주시,석장리세계구석기축제2023,석장리세계구석기축제2023,석장리 구석기 축제2023,2023,충남,석장리 구석기 축제,1022123400,0,1022123400,5,5,석장리 구석기 축제2023,석장리구석기축제2023
세종축제,2018,3,62888,27316,51,90255,30085,,,,90255,69.68,30.27,0.06,0,세종축제2018,세종시,세종시,세종축제2018,세종축제2018,세종축제2018,2018,세종,세종축제,1209879720,0,1209879720,10,10,세종축제2018,세종축제2018
세종축제,2019,5,161641,56106,175,217922,43584.4,30085,44.9,90255,127667,74.17,25.75,0.08,141.45,세종축제2019,세종시,세종시,세종축제2019,세종축제2019,세종축제2019,2019,세종,세종축제,1000000000,0,1000000000,10,10,세종축제2019,세종축제2019
세종축제,2022,4,130440,66508,22,196970,49242.5,43584.4,13,217922,-20952,66.22,33.77,0.01,-9.61,세종축제2022,세종시,세종시,세종축제2022,세종축제2022,세종축제2022,2022,세종,세종축제,899634000,0,899634000,10,10,세종축제2022,세종축제2022
세종축제,2023,4,123830,62219,45,186094,46523.5,49242.5,-5.5,196970,-10876,66.54,33.43,0.02,-5.52,세종축제2023,세종시,세종시,세종축제2023,세종축제2023,세종축제2023,2023,세종,세종축제,1169405000,0,1169405000,10,10,세종축제2023,세종축제2023
소래포구축제,2018,3,90723,60220,489,151432,50477.3333,,,,151432,59.91,39.77,0.32,0,소래포구축제2018,인천,남동구,소래포구축제2018,소래포구축제2018,소래포구축제2018,2018,인천,소래포구축제,459839410,0,459839410,10,10,소래포구축제2018,소래포구축제2018
소래포구축제,2022,3,85990,50898,124,137012,45670.6667,50477.3333,-9.5,151432,-14420,62.76,37.15,0.09,-9.52,소래포구축제2022,인천,남동구,소래포구축제2022,소래포구축제2022,소래포구축제2022,2022,인천,소래포구축제,678471590,100000000,578471590,10,10,소래포구축제2022,소래포구축제2022
소래포구축제,2023,3,91933,60127,290,152350,50783.3333,45670.6667,11.2,137012,15338,60.34,39.47,0.19,11.19,소래포구축제2023,인천,남동구,소래포구축제2023,소래포구축제2023,소래포구축제2023,2023,인천,소래포구축제,628646970,29315510,599331460,9,9,소래포구축제2023,소래포구축제2023
수성못페스티벌,2018,3,107064,116196,192,223452,74484,,,,223452,47.91,52,0.09,0,수성못페스티벌2018,대구,대구,수성못페스티벌2018,,,,,,,,,,,,
수성못페스티벌,2019,3,102343,116830,289,219462,73154,74484,-1.8,223452,-3990,46.63,53.23,0.13,-1.79,수성못페스티벌2019,대구,대구,수성못페스티벌2019,수성못페스티벌2019,수성못 페스티벌2019,2019,대구,수성못 페스티벌,304927540,0,304927540,9,9,수성못 페스티벌2019,수성못페스티벌2019
수성못페스티벌,2022,3,119484,140629,28,260141,86713.6667,73154,18.5,219462,40679,45.93,54.06,0.01,18.54,수성못페스티벌2022,대구,대구,수성못페스티벌2022,수성못페스티벌2022,수성못 페스티벌2022,2022,대구,수성못 페스티벌,362149119,0,362149119,9,9,수성못 페스티벌2022,수성못페스티벌2022
수성못페스티벌,2023,3,107473,115723,170,223366,74455.3333,86713.6667,-14.1,260141,-36775,48.12,51.81,0.08,-14.14,수성못페스티벌2023,대구,대구,수성못페스티벌2023,수성못페스티벌2023,수성못 페스티벌2023,2023,대구,수성못 페스티벌,436612280,10000000,426612280,9,9,수성못 페스티벌2023,수성못페스티벌2023
수원화성문화제,2018,3,49361,123877,1327,174565,58188.3333,,,,174565,28.28,70.96,0.76,0,수원화성문화제2018,경기,수원시,수원화성문화제2018,수원화성문화제2018,수원화성문화제2018,2018,경기,수원화성문화제,1626876470,123904090,1502972380,10,10,수원화성문화제2018,수원화성문화제2018
수원화성문화제,2019,4,63144,185079,1909,250132,62533,58188.3333,7.5,174565,75567,25.24,73.99,0.76,43.29,수원화성문화제2019,경기,수원시,수원화성문화제2019,수원화성문화제2019,수원화성문화제2019,2019,경기,수원화성문화제,1671346200,162293650,1509052550,10,10,수원화성문화제2019,수원화성문화제2019
수원화성문화제,2022,3,49918,148169,70,198157,66052.3333,62533,5.6,250132,-51975,25.19,74.77,0.04,-20.78,수원화성문화제2022,경기,수원시,수원화성문화제2022,수원화성문화제2022,수원화성문화제2022,2022,경기,수원화성문화제,1429100306,49245980,1379854326,10,10,수원화성문화제2022,수원화성문화제2022
수원화성문화제,2023,3,60885,195416,622,256923,85641,66052.3333,29.7,198157,58766,23.7,76.06,0.24,29.66,수원화성문화제2023,경기,수원시,수원화성문화제2023,수원화성문화제2023,수원화성문화제2023,2023,경기,수원화성문화제,1429100306,48259670,1380840636,10,10,수원화성문화제2023,수원화성문화제2023
순창장류축제,2018,3,21077,45997,64,67138,22379.3333,,,,67138,31.39,68.51,0.1,0,순창장류축제2018,전북,순창군,순창장류축제2018,순창장류축제2018,순창장류축제2018,2018,전북,순창장류축제,849930570,150000000,699930570,10,10,순창장류축제2018,순창장류축제2018
순창장류축제,2019,3,21171,47441,22,68634,22878,22379.3333,2.2,67138,1496,30.85,69.12,0.03,2.23,순창장류축제2019,전북,순창군,순창장류축제2019,순창장류축제2019,순창장류축제2019,2019,전북,순창장류축제,849992431,150000000,699992431,10,10,순창장류축제2019,순창장류축제2019
순창장류축제,2022,3,30150,53900,2,84052,28017.3333,22878,22.5,68634,15418,35.87,64.13,0,22.46,순창장류축제2022,전북,순창군,순창장류축제2022,순창장류축제2022,순창장류축제2022,2022,전북,순창장류축제,1000000000,0,1000000000,10,10,순창장류축제2022,순창장류축제2022
순창장류축제,2023,3,30582,43492,56,74130,24710,28017.3333,-11.8,84052,-9922,41.25,58.67,0.08,-11.8,순창장류축제2023,전북,순창군,순창장류축제2023,순창장류축제2023,순창장류축제2023,2023,전북,순창장류축제,1050000000,0,1050000000,10,10,순창장류축제2023,순창장류축제2023
시흥갯골축제,2018,3,24690,14756,55,39501,13167,,,,39501,62.5,37.36,0.14,0,시흥갯골축제2018,경기,시흥시,시흥갯골축제2018,시흥갯골축제2018,갯골축제2018,2018,경기,갯골축제,720000000,120000000,600000000,9,9,갯골축제2018,갯골축제2018
시흥갯골축제,2019,3,24492,17073,50,41615,13871.6667,13167,5.4,39501,2114,58.85,41.03,0.12,5.35,시흥갯골축제2019,경기,시흥시,시흥갯골축제2019,시흥갯골축제2019,갯골축제2019,2019,경기,갯골축제,847635000,138000000,709635000,9,9,갯골축제2019,갯골축제2019
시흥갯골축제,2022,3,47644,23541,12,71197,23732.3333,13871.6667,71.1,41615,29582,66.92,33.06,0.02,71.08,시흥갯골축제2022,경기,시흥시,시흥갯골축제2022,,,,,,,,,,,,
시흥갯골축제,2023,3,59972,28275,33,88280,29426.6667,23732.3333,24,71197,17083,67.93,32.03,0.04,23.99,시흥갯골축제2023,경기,시흥시,시흥갯골축제2023,시흥갯골축제2023,갯골축제2023,2023,경기,갯골축제,859799150,0,859799150,1,12,갯골축제2023,갯골축제2023
안동탈춤축제,2018,10,281442,123388,3368,408198,40819.8,,,,408198,68.95,30.23,0.83,0,안동탈춤축제2018,경북,안동시,안동탈춤축제2018,안동탈춤축제2018,안동민속축제2018,2018,경북,안동민속축제,337000000,0,337000000,9,10,안동민속축제2018,안동민속축제2018
안동탈춤축제,2019,10,280924,144493,2428,427845,42784.5,40819.8,4.8,408198,19647,65.66,33.77,0.57,4.81,안동탈춤축제2019,경북,안동시,안동탈춤축제2019,안동탈춤축제2019,안동민속축제2019,2019,경북,안동민속축제,337000000,0,337000000,9,10,안동민속축제2019,안동민속축제2019
안동탈춤축제,2022,5,166398,87333,42,253773,50754.6,42784.5,18.6,427845,-174072,65.57,34.41,0.02,-40.69,안동탈춤축제2022,경북,안동시,안동탈춤축제2022,안동탈춤축제2022,안동민속축제2022,2022,경북,안동민속축제,337000000,0,337000000,9,10,안동민속축제2022,안동민속축제2022
안동탈춤축제,2023,8,233513,127305,836,361654,45206.75,50754.6,-10.9,253773,107881,64.57,35.2,0.23,42.51,안동탈춤축제2023,경북,안동시,안동탈춤축제2023,안동탈춤축제2023,안동민속축제2023,2023,경북,안동민속축제,770000000,0,770000000,5,5,안동민속축제2023,안동민속축제2023
안성맞춤남사당바우덕이축제,2018,5,70203,50112,508,120823,24164.6,,,,120823,58.1,41.48,0.42,0,안성맞춤남사당바우덕이축제2018,경기,안성시,안성맞춤남사당바우덕이축제2018,안성맞춤남사당바우덕이축제2018,안성맞춤 남사당 바우덕이 축제2018,2018,경기,안성맞춤 남사당 바우덕이 축제,1443605530,178900000,1264705530,10,10,안성맞춤 남사당 바우덕이 축제2018,안성맞춤남사당바우덕이축제2018
안성맞춤남사당바우덕이축제,2022,4,68612,56939,24,125575,31393.75,24164.6,29.9,120823,4752,54.64,45.34,0.02,3.93,안성맞춤남사당바우덕이축제2022,경기,안성시,안성맞춤남사당바우덕이축제2022,안성맞춤남사당바우덕이축제2022,안성맞춤 남사당 바우덕이 축제2022,2022,경기,안성맞춤 남사당 바우덕이 축제,1678590000,0,1678590000,9,10,안성맞춤 남사당 바우덕이 축제2022,안성맞춤남사당바우덕이축제2022
안성맞춤남사당바우덕이축제,2023,4,64370,52108,66,116544,29136,31393.75,-7.2,125575,-9031,55.23,44.71,0.06,-7.19,안성맞춤남사당바우덕이축제2023,경기,안성시,안성맞춤남사당바우덕이축제2023,안성맞춤남사당바우덕이축제2023,안성맞춤 남사당 바우덕이 축제2023,2023,경기,안성맞춤 남사당 바우덕이 축제,1935560900,0,1935560900,10,10,안성맞춤 남사당 바우덕이 축제2023,안성맞춤남사당바우덕이축제2023
알프스하동섬진강문화재첩축제,2018,3,18316,16480,18,34814,11604.6667,,,,34814,52.61,47.34,0.05,0,알프스하동섬진강문화재첩축제2018,경남,하동군,알프스하동섬진강문화재첩축제2018,알프스하동섬진강문화재첩축제2018,알프스하동섬진강재첩축제2018,2018,경남,알프스하동섬진강재첩축제,350000000,0,350000000,7,7,알프스하동섬진강재첩축제2018,알프스하동섬진강재첩축제2018
알프스하동섬진강문화재첩축제,2019,3,18988,25158,93,44239,14746.3333,11604.6667,27.1,34814,9425,42.92,56.87,0.21,27.07,알프스하동섬진강문화재첩축제2019,경남,하동군,알프스하동섬진강문화재첩축제2019,알프스하동섬진강문화재첩축제2019,알프스하동섬진강재첩축제2019,2019,경남,알프스하동섬진강재첩축제,348786000,0,348786000,7,7,알프스하동섬진강재첩축제2019,알프스하동섬진강재첩축제2019
알프스하동섬진강문화재첩축제,2022,3,24724,26869,1,51594,17198,14746.3333,16.6,44239,7355,47.92,52.08,0,16.63,알프스하동섬진강문화재첩축제2022,경남,하동군,알프스하동섬진강문화재첩축제2022,알프스하동섬진강문화재첩축제2022,알프스하동섬진강재첩축제2022,2022,경남,알프스하동섬진강재첩축제,502387820,0,502387820,8,8,알프스하동섬진강재첩축제2022,알프스하동섬진강재첩축제2022
알프스하동섬진강문화재첩축제,2023,3,24278,25580,20,49878,16626,17198,-3.3,51594,-1716,48.67,51.29,0.04,-3.33,알프스하동섬진강문화재첩축제2023,경남,하동군,알프스하동섬진강문화재첩축제2023,알프스하동섬진강문화재첩축제2023,알프스하동섬진강재첩축제2023,2023,경남,알프스하동섬진강재첩축제,502387820,0,502387820,8,8,알프스하동섬진강재첩축제2023,알프스하동섬진강재첩축제2023
양양송이축제,2018,4,60444,74421,172,135037,33759.25,,,,135037,44.76,55.11,0.13,0,양양송이축제2018,강원,양양군,양양송이축제2018,양양송이축제2018,양양 송이 축제2018,2018,강원,양양 송이 축제,529505980,26735350,502770630,9,10,양양 송이 축제2018,양양송이축제2018
양양송이축제,2019,4,57337,75702,101,133140,33285,33759.25,-1.4,135037,-1897,43.07,56.86,0.08,-1.4,양양송이축제2019,강원,양양군,양양송이축제2019,양양송이축제2019,양양 송이 축제2019,2019,강원,양양 송이 축제,529753860,26409879,503343981,9,9,양양 송이 축제2019,양양송이축제2019
양양송이축제,2022,3,61130,92151,74,153355,51118.3333,33285,53.6,133140,20215,39.86,60.09,0.05,15.18,양양송이축제2022,강원,양양군,양양송이축제2022,양양송이축제2022,양양 송이 축제2022,2022,강원,양양 송이 축제,544969610,0,544969610,9,10,양양 송이 축제2022,양양송이축제2022
양양송이축제,2023,5,106882,102085,133,209100,41820,51118.3333,-18.2,153355,55745,51.12,48.82,0.06,36.35,양양송이축제2023,강원,양양군,양양송이축제2023,양양송이축제2023,양양 송이 축제2023,2023,강원,양양 송이 축제,530117680,0,530117680,10,10,양양 송이 축제2023,양양송이축제2023
여주오곡나루축제,2018,3,51532,34818,50,86400,28800,,,,86400,59.64,40.3,0.06,0,여주오곡나루축제2018,경기,여주시,여주오곡나루축제2018,여주오곡나루축제2018,여주오곡나루축제2018,2018,경기,여주오곡나루축제,908229000,160000000,748229000,10,10,여주오곡나루축제2018,여주오곡나루축제2018
여주오곡나루축제,2022,3,71994,42871,9,114874,38291.3333,28800,33,86400,28474,62.67,37.32,0.01,32.96,여주오곡나루축제2022,경기,여주시,여주오곡나루축제2022,여주오곡나루축제2022,여주오곡나루축제2022,2022,경기,여주오곡나루축제,904781000,0,904781000,10,10,여주오곡나루축제2022,여주오곡나루축제2022
여주오곡나루축제,2023,3,79535,45934,43,125512,41837.3333,38291.3333,9.3,114874,10638,63.37,36.6,0.03,9.26,여주오곡나루축제2023,경기,여주시,여주오곡나루축제2023,여주오곡나루축제2023,여주오곡나루축제2023,2023,경기,여주오곡나루축제,1036454000,45000000,991454000,10,10,여주오곡나루축제2023,여주오곡나루축제2023
연천구석기축제,2018,4,60947,74018,49,135014,33753.5,,,,135014,45.14,54.82,0.04,0,연천구석기축제2018,경기,연천군,연천구석기축제2018,연천구석기축제2018,연천전곡리 구석기축제2018,2018,경기,연천전곡리 구석기축제,784100000,31848000,752252000,5,5,연천전곡리 구석기축제2018,연천전곡리구석기축제2018
연천구석기축제,2019,4,60630,74238,88,134956,33739,33753.5,0,135014,-58,44.93,55.01,0.07,-0.04,연천구석기축제2019,경기,연천군,연천구석기축제2019,연천구석기축제2019,연천전곡리 구석기축제2019,2019,경기,연천전곡리 구석기축제,875365010,0,875365010,5,5,연천전곡리 구석기축제2019,연천전곡리구석기축제2019
연천구석기축제,2022,4,69787,64754,15,134556,33639,33739,-0.3,134956,-400,51.86,48.12,0.01,-0.3,연천구석기축제2022,경기,연천군,연천구석기축제2022,연천구석기축제2022,연천전곡리 구석기축제2022,2022,경기,연천전곡리 구석기축제,869497780,45000000,824497780,10,10,연천전곡리 구석기축제2022,연천전곡리구석기축제2022
연천구석기축제,2023,4,69462,64777,18,134257,33564.25,33639,-0.2,134556,-299,51.74,48.25,0.01,-0.22,연천구석기축제2023,경기,연천군,연천구석기축제2023,연천구석기축제2023,연천전곡리 구석기축제2023,2023,경기,연천전곡리 구석기축제,1780915780,105948000,1674967780,5,5,연천전곡리 구석기축제2023,연천전곡리구석기축제2023
영덕대게축제,2018,4,25398,66853,145,92396,23099,,,,92396,27.49,72.35,0.16,0,영덕대게축제2018,경북,영덕군,영덕대게축제2018,영덕대게축제2018,영덕대게축제2018,2018,경북,영덕대게축제,640000000,0,640000000,3,3,영덕대게축제2018,영덕대게축제2018
영덕대게축제,2019,4,27955,61096,124,89175,22293.75,23099,-3.5,92396,-3221,31.35,68.51,0.14,-3.49,영덕대게축제2019,경북,영덕군,영덕대게축제2019,영덕대게축제2019,영덕대게축제2019,2019,경북,영덕대게축제,740000000,140000000,600000000,3,3,영덕대게축제2019,영덕대게축제2019
영덕대게축제,2023,3,24321,88025,10,112356,37452,22293.75,68,89175,23181,21.65,78.34,0.01,25.99,영덕대게축제2023,경북,영덕군,영덕대게축제2023,영덕대게축제2023,영덕대게축제2023,2023,경북,영덕대게축제,670000,0,670000,2,2,영덕대게축제2023,영덕대게축제2023
영도다리축제,2018,3,49153,50768,1127,101048,33682.6667,,,,101048,48.64,50.24,1.12,0,영도다리축제2018,부산,영도구,영도다리축제2018,영도다리축제2018,영도다리축제2018,2018,부산,영도다리축제,305000000,55000000,250000000,10,10,영도다리축제2018,영도다리축제2018
영도다리축제,2019,3,53349,32784,604,86737,28912.3333,33682.6667,-14.2,101048,-14311,61.51,37.8,0.7,-14.16,영도다리축제2019,부산,영도구,영도다리축제2019,영도다리축제2019,영도다리축제2019,2019,부산,영도다리축제,332500000,45000000,287500000,10,10,영도다리축제2019,영도다리축제2019
영도다리축제,2022,3,62502,36257,42,98801,32933.6667,28912.3333,13.9,86737,12064,63.26,36.7,0.04,13.91,영도다리축제2022,부산,영도구,영도다리축제2022,영도다리축제2022,영도다리축제2022,2022,부산,영도다리축제,432500000,64000000,368500000,10,10,영도다리축제2022,영도다리축제2022
영도다리축제,2023,3,60899,36403,1258,98560,32853.3333,32933.6667,-0.2,98801,-241,61.79,36.93,1.28,-0.24,영도다리축제2023,부산,영도구,영도다리축제2023,영도다리축제2023,영도다리축제2023,2023,부산,영도다리축제,413500000,0,413500000,10,10,영도다리축제2023,영도다리축제2023
영동난계국악축제,2018,4,92918,44896,33,137847,34461.75,,,,137847,67.41,32.57,0.02,0,영동난계국악축제2018,충북,영동군,영동난계국악축제2018,영동난계국악축제2018,영동난계국악축제2018,2018,충북,영동난계국악축제,1149290650,190000000,959290650,10,10,영동난계국악축제2018,영동난계국악축제2018
영동난계국악축제,2019,4,88518,45423,378,134319,33579.75,34461.75,-2.6,137847,-3528,65.9,33.82,0.28,-2.56,영동난계국악축제2019,충북,영동군,영동난계국악축제2019,영동난계국악축제2019,영동난계국악축제2019,2019,충북,영동난계국악축제,1110000000,160000000,950000000,10,10,영동난계국악축제2019,영동난계국악축제2019
영동난계국악축제,2022,4,99615,48682,155,148452,37113,33579.75,10.5,134319,14133,67.1,32.79,0.1,10.52,영동난계국악축제2022,충북,영동군,영동난계국악축제2022,,,,,,,,,,,,
영동난계국악축제,2023,4,102361,46733,122,149216,37304,37113,0.5,148452,764,68.6,31.32,0.08,0.51,영동난계국악축제2023,충북,영동군,영동난계국악축제2023,영동난계국악축제2023,영동난계국악축제2023,2023,충북,영동난계국악축제,1099199780,0,1099199780,10,10,영동난계국악축제2023,영동난계국악축제2023
영산강서창들녘억새축제,2018,3,52910,68684,135,121729,40576.3333,,,,121729,43.47,56.42,0.11,0,영산강서창들녘억새축제2018,광주,서구,영산강서창들녘억새축제2018,,,,,,,,,,,,
영산강서창들녘억새축제,2019,3,51733,67105,44,118882,39627.3333,40576.3333,-2.3,121729,-2847,43.52,56.45,0.04,-2.34,영산강서창들녘억새축제2019,광주,서구,영산강서창들녘억새축제2019,,,,,,,,,,,,
영산강서창들녘억새축제,2022,4,77392,87811,16,165219,41304.75,39627.3333,4.2,118882,46337,46.84,53.15,0.01,38.98,영산강서창들녘억새축제2022,광주,서구,영산강서창들녘억새축제2022,,,,,,,,,,,,
영산강서창들녘억새축제,2023,5,103247,108290,60,211597,42319.4,41304.75,2.5,165219,46378,48.79,51.18,0.03,28.07,영산강서창들녘억새축제2023,광주,서구,영산강서창들녘억새축제2023,영산강서창들녘억새축제2023,영산강 서창들녘 억새축제2023,2023,광주,영산강 서창들녘 억새축제,372077800,0,372077800,10,10,영산강 서창들녘 억새축제2023,영산강서창들녘억새축제2023
영암왕인문화축제,2018,4,22126,35965,26,58117,14529.25,,,,58117,38.07,61.88,0.04,0,영암왕인문화축제2018,전남,영암군,영암왕인문화축제2018,영암왕인문화축제2018,왕인문화 축제2018,2018,전남,왕인문화 축제,970000000,80000000,890000000,4,4,왕인문화 축제2018,왕인문화축제2018
영암왕인문화축제,2019,4,30602,70264,93,100959,25239.75,14529.25,73.7,58117,42842,30.31,69.6,0.09,73.72,영암왕인문화축제2019,전남,영암군,영암왕인문화축제2019,영암왕인문화축제2019,왕인문화 축제2019,2019,전남,왕인문화 축제,980000000,70000000,910000000,4,4,왕인문화 축제2019,왕인문화축제2019
영암왕인문화축제,2023,4,35281,86880,5,122166,30541.5,25239.75,21,100959,21207,28.88,71.12,0,21.01,영암왕인문화축제2023,전남,영암군,영암왕인문화축제2023,영암왕인문화축제2023,왕인문화 축제2023,2023,전남,왕인문화 축제,989998200,0,989998200,3,4,왕인문화 축제2023,왕인문화축제2023
영주풍기인삼축제,2018,9,116342,131075,255,247672,27519.1111,,,,247672,46.97,52.92,0.1,0,영주풍기인삼축제2018,경북,영주시,영주풍기인삼축제2018,영주풍기인삼축제2018,영주풍기인삼축제2018,2018,경북,영주풍기인삼축제,740000000,20000000,720000000,10,10,영주풍기인삼축제2018,영주풍기인삼축제2018
영주풍기인삼축제,2019,9,25727,14786,91,40604,4511.5556,27519.1111,-83.6,247672,-207068,63.36,36.42,0.22,-83.61,영주풍기인삼축제2019,경북,영주시,영주풍기인삼축제2019,영주풍기인삼축제2019,영주풍기인삼축제2019,2019,경북,영주풍기인삼축제,950000000,5000000,945000000,10,10,영주풍기인삼축제2019,영주풍기인삼축제2019
영주풍기인삼축제,2022,24,308066,286599,35,594700,24779.1667,4511.5556,449.2,40604,554096,51.8,48.19,0.01,1364.63,영주풍기인삼축제2022,경북,영주시,영주풍기인삼축제2022,,,,,,,,,,,,
영주풍기인삼축제,2023,9,106995,84936,124,192055,21339.4444,24779.1667,-13.9,594700,-402645,55.71,44.22,0.06,-67.71,영주풍기인삼축제2023,경북,영주시,영주풍기인삼축제2023,영주풍기인삼축제2023,영주풍기인삼축제2023,2023,경북,영주풍기인삼축제,810000000,0,810000000,10,10,영주풍기인삼축제2023,영주풍기인삼축제2023
울산고래축제,2018,4,77623,59803,679,138105,34526.25,,,,138105,56.21,43.3,0.49,0,울산고래축제2018,울산,남구,울산고래축제2018,울산고래축제2018,울산고래축제2018,2018,울산,울산고래축제,1513174000,0,1513174000,7,7,울산고래축제2018,울산고래축제2018
울산고래축제,2019,3,50104,54835,593,105532,35177.3333,34526.25,1.9,138105,-32573,47.48,51.96,0.56,-23.59,울산고래축제2019,울산,남구,울산고래축제2019,울산고래축제2019,울산고래축제2019,2019,울산,울산고래축제,1449175340,0,1449175340,6,6,울산고래축제2019,울산고래축제2019
울산고래축제,2022,4,85235,70133,33,155401,38850.25,35177.3333,10.4,105532,49869,54.85,45.13,0.02,47.25,울산고래축제2022,울산,남구,울산고래축제2022,울산고래축제2022,울산고래축제2022,2022,울산,울산고래축제,1250000000,250000000,1000000000,10,10,울산고래축제2022,울산고래축제2022
울산고래축제,2023,4,82804,68240,419,151463,37865.75,38850.25,-2.5,155401,-3938,54.67,45.05,0.28,-2.53,울산고래축제2023,울산,남구,울산고래축제2023,울산고래축제2023,울산고래축제2023,2023,울산,울산고래축제,1430703960,250000000,1180703960,5,5,울산고래축제2023,울산고래축제2023
울산쇠부리축제,2018,3,102607,99539,1047,203193,67731,,,,203193,50.5,48.99,0.52,0,울산쇠부리축제2018,울산,북구,울산쇠부리축제2018,울산쇠부리축제2018,울산쇠부리축제2018,2018,울산,울산쇠부리축제,588000000,200000000,388000000,5,5,울산쇠부리축제2018,울산쇠부리축제2018
울산쇠부리축제,2019,3,52770,16940,17,69727,23242.3333,67731,-65.7,203193,-133466,75.68,24.29,0.02,-65.68,울산쇠부리축제2019,울산,북구,울산쇠부리축제2019,울산쇠부리축제2019,울산쇠부리축제2019,2019,울산,울산쇠부리축제,591000000,200000000,391000000,5,5,울산쇠부리축제2019,울산쇠부리축제2019
울산쇠부리축제,2022,3,60740,22997,2,83739,27913,23242.3333,20.1,69727,14012,72.53,27.46,0,20.1,울산쇠부리축제2022,울산,북구,울산쇠부리축제2022,울산쇠부리축제2022,울산쇠부리축제2022,2022,울산,울산쇠부리축제,599927210,199975730,399951480,5,5,울산쇠부리축제2022,울산쇠부리축제2022
울산쇠부리축제,2023,3,60265,20447,13,80725,26908.3333,27913,-3.6,83739,-3014,74.65,25.33,0.02,-3.6,울산쇠부리축제2023,울산,북구,울산쇠부리축제2023,울산쇠부리축제2023,울산쇠부리축제2023,2023,울산,울산쇠부리축제,599974594,200000000,399974594,5,5,울산쇠부리축제2023,울산쇠부리축제2023
울산옹기축제,2018,4,64884,43019,378,108281,27070.25,,,,108281,59.92,39.73,0.35,0,울산옹기축제2018,울산,울주군,울산옹기축제2018,울산옹기축제2018,울산옹기축제2018,2018,울산,울산옹기축제,712500000,20000000,692500000,5,5,울산옹기축제2018,울산옹기축제2018
울산옹기축제,2019,4,66591,49467,1484,117542,29385.5,27070.25,8.6,108281,9261,56.65,42.08,1.26,8.55,울산옹기축제2019,울산,울주군,울산옹기축제2019,울산옹기축제2019,울산옹기축제2019,2019,울산,울산옹기축제,712500000,200000000,512500000,5,5,울산옹기축제2019,울산옹기축제2019
울산옹기축제,2022,4,77710,52289,7,130006,32501.5,29385.5,10.6,117542,12464,59.77,40.22,0.01,10.6,울산옹기축제2022,울산,울주군,울산옹기축제2022,울산옹기축제2022,울산옹기축제2022,2022,울산,울산옹기축제,874836060,0,874836060,9,10,울산옹기축제2022,울산옹기축제2022
울산옹기축제,2023,3,49749,25287,10,75046,25015.3333,32501.5,-23,130006,-54960,66.29,33.7,0.01,-42.27,울산옹기축제2023,울산,울주군,울산옹기축제2023,울산옹기축제2023,울산옹기축제2023,2023,울산,울산옹기축제,879017260,228080000,650937260,5,5,울산옹기축제2023,울산옹기축제2023
원주다이내믹댄싱카니발,2018,6,62324,10046,110,72480,12080,,,,72480,85.99,13.86,0.15,0,원주다이내믹댄싱카니발2018,강원,원주시,원주다이내믹댄싱카니발2018,원주다이내믹댄싱카니발2018,원주다이내믹댄싱카니발2018,2018,강원,원주다이내믹댄싱카니발,1528653140,0,1528653140,9,9,원주다이내믹댄싱카니발2018,원주다이내믹댄싱카니발2018
원주다이내믹댄싱카니발,2019,6,40017,9699,154,49870,8311.6667,12080,-31.2,72480,-22610,80.24,19.45,0.31,-31.19,원주다이내믹댄싱카니발2019,강원,원주시,원주다이내믹댄싱카니발2019,원주다이내믹댄싱카니발2019,원주다이내믹댄싱카니발2019,2019,강원,원주다이내믹댄싱카니발,1894086789,0,1894086789,9,9,원주다이내믹댄싱카니발2019,원주다이내믹댄싱카니발2019
원주다이내믹댄싱카니발,2022,3,68274,18641,15,86930,28976.6667,8311.6667,248.6,49870,37060,78.54,21.44,0.02,74.31,원주다이내믹댄싱카니발2022,강원,원주시,원주다이내믹댄싱카니발2022,,,,,,,,,,,,
원주다이내믹댄싱카니발,2023,3,54573,11885,15,66473,22157.6667,28976.6667,-23.5,86930,-20457,82.1,17.88,0.02,-23.53,원주다이내믹댄싱카니발2023,강원,원주시,원주다이내믹댄싱카니발2023,,,,,,,,,,,,
원주한지문화제,2018,4,166858,42132,208,209198,52299.5,,,,209198,79.76,20.14,0.1,0,원주한지문화제2018,강원,원주시,원주한지문화제2018,,,,,,,,,,,,
원주한지문화제,2019,5,147824,48405,47,196276,39255.2,52299.5,-24.9,209198,-12922,75.31,24.66,0.02,-6.18,원주한지문화제2019,강원,원주시,원주한지문화제2019,,,,,,,,,,,,
원주한지문화제,2022,11,651048,235547,107,886702,80609.2727,39255.2,105.3,196276,690426,73.42,26.56,0.01,351.76,원주한지문화제2022,강원,원주시,원주한지문화제2022,,,,,,,,,,,,
원주한지문화제,2023,10,627165,198065,173,825403,82540.3,80609.2727,2.4,886702,-61299,75.98,24,0.02,-6.91,원주한지문화제2023,강원,원주시,원주한지문화제2023,,,,,,,,,,,,
음성품바축제,2018,5,85312,90314,149,175775,35155,,,,175775,48.53,51.38,0.08,0,음성품바축제2018,충북,음성군,음성품바축제2018,음성품바축제2018,음성품바축제2018,2018,충북,음성품바축제,657099900,160000000,497099900,5,5,음성품바축제2018,음성품바축제2018
음성품바축제,2019,5,89176,103489,412,193077,38615.4,35155,9.8,175775,17302,46.19,53.6,0.21,9.84,음성품바축제2019,충북,음성군,음성품바축제2019,음성품바축제2019,음성품바축제2019,2019,충북,음성품바축제,738025000,140000000,598025000,5,5,음성품바축제2019,음성품바축제2019
음성품바축제,2022,5,105161,89717,15,194893,38978.6,38615.4,0.9,193077,1816,53.96,46.03,0.01,0.94,음성품바축제2022,충북,음성군,음성품바축제2022,,,,,,,,,,,,
음성품바축제,2023,5,106527,78421,82,185030,37006,38978.6,-5.1,194893,-9863,57.57,42.38,0.04,-5.06,음성품바축제2023,충북,음성군,음성품바축제2023,,,,,,,,,,,,
이천쌀문화축제,2018,5,93230,56587,173,149990,29998,,,,149990,62.16,37.73,0.12,0,이천쌀문화축제2018,경기,이천시,이천쌀문화축제2018,이천쌀문화축제2018,이천쌀문화축제2018,2018,경기,이천쌀문화축제,737900000,0,737900000,10,10,이천쌀문화축제2018,이천쌀문화축제2018
이천쌀문화축제,2022,5,39766,55812,16,95594,19118.8,29998,-36.3,149990,-54396,41.6,58.38,0.02,-36.27,이천쌀문화축제2022,경기,이천시,이천쌀문화축제2022,,,,,,,,,,,,
이천쌀문화축제,2023,5,42714,59770,59,102543,20508.6,19118.8,7.3,95594,6949,41.65,58.29,0.06,7.27,이천쌀문화축제2023,경기,이천시,이천쌀문화축제2023,이천쌀문화축제2023,이천쌀문화축제2023,2023,경기,이천쌀문화축제,1481380047,100000000,1381380047,10,10,이천쌀문화축제2023,이천쌀문화축제2023
인천펜타포트음악축제,2018,3,59785,79304,670,139759,46586.3333,,,,139759,42.78,56.74,0.48,0,인천펜타포트음악축제2018,인천,연수구,인천펜타포트음악축제2018,인천펜타포트음악축제2018,펜타포트 음악축제2018,2018,인천,펜타포트 음악축제,2500000000,0,2500000000,1,12,펜타포트 음악축제2018,펜타포트음악축제2018
인천펜타포트음악축제,2019,3,56514,62168,823,119505,39835,46586.3333,-14.5,139759,-20254,47.29,52.02,0.69,-14.49,인천펜타포트음악축제2019,인천,연수구,인천펜타포트음악축제2019,인천펜타포트음악축제2019,펜타포트 음악축제2019,2019,인천,펜타포트 음악축제,1061827646,0,1061827646,8,8,펜타포트 음악축제2019,펜타포트음악축제2019
인천펜타포트음악축제,2022,3,68316,126659,331,195306,65102,39835,63.4,119505,75801,34.98,64.85,0.17,63.43,인천펜타포트음악축제2022,인천,연수구,인천펜타포트음악축제2022,,,,,,,,,,,,
인천펜타포트음악축제,2023,3,67738,109942,474,178154,59384.6667,65102,-8.8,195306,-17152,38.02,61.71,0.27,-8.78,인천펜타포트음악축제2023,인천,연수구,인천펜타포트음악축제2023,,,,,,,,,,,,
임실N치즈축제,2018,4,10574,44128,41,54743,13685.75,,,,54743,19.32,80.61,0.07,0,임실N치즈축제2018,전북,임실군,임실n치즈축제2018,임실N치즈축제2018,임실N치즈축제2018,2018,전북,임실N치즈축제,842440420,410000000,432440420,10,10,임실N치즈축제2018,임실n치즈축제2018
임실N치즈축제,2019,4,11779,71458,58,83295,20823.75,13685.75,52.2,54743,28552,14.14,85.79,0.07,52.16,임실N치즈축제2019,전북,임실군,임실n치즈축제2019,임실N치즈축제2019,임실N치즈축제2019,2019,전북,임실N치즈축제,842440000,410000000,432440000,10,10,임실N치즈축제2019,임실n치즈축제2019
임실N치즈축제,2022,4,13075,87213,3,100291,25072.75,20823.75,20.4,83295,16996,13.04,86.96,0,20.4,임실N치즈축제2022,전북,임실군,임실n치즈축제2022,임실N치즈축제2022,임실N치즈축제2022,2022,전북,임실N치즈축제,930000000,505000000,425000000,10,10,임실N치즈축제2022,임실n치즈축제2022
임실N치즈축제,2023,4,13923,79355,41,93319,23329.75,25072.75,-7,100291,-6972,14.92,85.04,0.04,-6.95,임실N치즈축제2023,전북,임실군,임실n치즈축제2023,임실N치즈축제2023,임실N치즈축제2023,2023,전북,임실N치즈축제,1030000000,0,1030000000,10,10,임실N치즈축제2023,임실n치즈축제2023
정남진장흥물축제,2018,7,107219,125625,196,233040,33291.4286,,,,233040,46.01,53.91,0.08,0,정남진장흥물축제2018,전남,장흥군,정남진장흥물축제2018,정남진장흥물축제2018,정남진장흥물축제2018,2018,전남,정남진장흥물축제,1500000000,0,1500000000,7,8,정남진장흥물축제2018,정남진장흥물축제2018
정남진장흥물축제,2019,7,113509,117192,84,230785,32969.2857,33291.4286,-1,233040,-2255,49.18,50.78,0.04,-0.97,정남진장흥물축제2019,전남,장흥군,정남진장흥물축제2019,정남진장흥물축제2019,정남진장흥물축제2019,2019,전남,정남진장흥물축제,1500000000,0,1500000000,7,8,정남진장흥물축제2019,정남진장흥물축제2019
정남진장흥물축제,2022,9,152601,158739,5,311345,34593.8889,32969.2857,4.9,230785,80560,49.01,50.98,0,34.91,정남진장흥물축제2022,전남,장흥군,정남진장흥물축제2022,정남진장흥물축제2022,정남진장흥물축제2022,2022,전남,정남진장흥물축제,1978811770,0,1978811770,7,8,정남진장흥물축제2022,정남진장흥물축제2022
정남진장흥물축제,2023,9,163708,175410,82,339200,37688.8889,34593.8889,8.9,311345,27855,48.26,51.71,0.02,8.95,정남진장흥물축제2023,전남,장흥군,정남진장흥물축제2023,,,,,,,,,,,,
정선아리랑제,2018,7,71747,44245,86,116078,16582.5714,,,,116078,61.81,38.12,0.07,0,정선아리랑제2018,강원,정선군,정선아리랑제2018,,,,,,,,,,,,
정선아리랑제,2019,4,45176,38664,72,83912,20978,16582.5714,26.5,116078,-32166,53.84,46.08,0.09,-27.71,정선아리랑제2019,강원,정선군,정선아리랑제2019,,,,,,,,,,,,
정선아리랑제,2022,4,55398,40879,7,96284,24071,20978,14.7,83912,12372,57.54,42.46,0.01,14.74,정선아리랑제2022,강원,정선군,정선아리랑제2022,,,,,,,,,,,,
정선아리랑제,2023,4,55977,33394,22,89393,22348.25,24071,-7.2,96284,-6891,62.62,37.36,0.02,-7.16,정선아리랑제2023,강원,정선군,정선아리랑제2023,,,,,,,,,,,,
제주들불축제,2018,4,214318,132354,2459,349131,87282.75,,,,349131,61.39,37.91,0.7,0,제주들불축제2018,제주,제주시,제주들불축제2018,제주들불축제2018,제주 들불축제2018,2018,제주,제주 들불축제,1688149440,0,1688149440,3,3,제주 들불축제2018,제주들불축제2018
제주들불축제,2019,4,196963,120675,6875,324513,81128.25,87282.75,-7.1,349131,-24618,60.69,37.19,2.12,-7.05,제주들불축제2019,제주,제주시,제주들불축제2019,제주들불축제2019,제주 들불축제2019,2019,제주,제주 들불축제,1629022750,2411000,1626611750,3,3,제주 들불축제2019,제주들불축제2019
제주들불축제,2023,4,243131,146579,114,389824,97456,81128.25,20.1,324513,65311,62.37,37.6,0.03,20.13,제주들불축제2023,제주,제주시,제주들불축제2023,제주들불축제2023,제주들불축제2023,2023,제주,제주들불축제,1368693000,0,1368693000,3,3,제주들불축제2023,제주들불축제2023
지용제,2018,4,99119,53603,60,152782,38195.5,,,,152782,64.88,35.08,0.04,0,지용제2018,충북,옥천군,지용제2018,지용제2018,지용제2018,2018,충북,지용제,326000000,0,326000000,5,5,지용제2018,지용제2018
지용제,2019,4,103208,71134,76,174418,43604.5,38195.5,14.2,152782,21636,59.17,40.78,0.04,14.16,지용제2019,충북,옥천군,지용제2019,지용제2019,지용제2019,2019,충북,지용제,326000000,0,326000000,5,5,지용제2019,지용제2019
지용제,2022,4,119926,65540,34,185500,46375,43604.5,6.4,174418,11082,64.65,35.33,0.02,6.35,지용제2022,충북,옥천군,지용제2022,지용제2022,지용제2022,2022,충북,지용제,349981150,30000000,319981150,4,11,지용제2022,지용제2022
지용제,2023,4,114939,69600,45,184584,46146,46375,-0.5,185500,-916,62.27,37.71,0.02,-0.49,지용제2023,충북,옥천군,지용제2023,지용제2023,지용제2023,2023,충북,지용제,450290000,25000000,425290000,5,11,지용제2023,지용제2023
진도신비의바닷길축제,2018,4,11300,23569,428,35297,8824.25,,,,35297,32.01,66.77,1.21,0,진도신비의바닷길축제2018,전남,진도군,진도신비의바닷길축제2018,진도신비의바닷길축제2018,진도신비의바닷길축제2018,2018,전남,진도신비의바닷길축제,770437140,0,770437140,5,5,진도신비의바닷길축제2018,진도신비의바닷길축제2018
진도신비의바닷길축제,2019,4,11563,26449,271,38283,9570.75,8824.25,8.5,35297,2986,30.2,69.09,0.71,8.46,진도신비의바닷길축제2019,전남,진도군,진도신비의바닷길축제2019,진도신비의바닷길축제2019,진도신비의바닷길축제2019,2019,전남,진도신비의바닷길축제,753979120,0,753979120,3,3,진도신비의바닷길축제2019,진도신비의바닷길축제2019
진도신비의바닷길축제,2023,3,12120,21158,7,33285,11095,9570.75,15.9,38283,-4998,36.41,63.57,0.02,-13.06,진도신비의바닷길축제2023,전남,진도군,진도신비의바닷길축제2023,진도신비의바닷길축제2023,진도 신비의 바닷길 축제2023,2023,전남,진도 신비의 바닷길 축제,899805690,0,899805690,4,4,진도 신비의 바닷길 축제2023,진도신비의바닷길축제2023
진안홍삼축제,2018,4,20748,50603,105,71456,17864,,,,71456,29.04,70.82,0.15,0,진안홍삼축제2018,전북,진안군,진안홍삼축제2018,진안홍삼축제2018,진안홍삼축제2018,2018,전북,진안홍삼축제,799863000,0,799863000,10,10,진안홍삼축제2018,진안홍삼축제2018
진안홍삼축제,2019,5,30516,69846,73,100435,20087,17864,12.4,71456,28979,30.38,69.54,0.07,40.56,진안홍삼축제2019,전북,진안군,진안홍삼축제2019,진안홍삼축제2019,진안홍삼축제2019,2019,전북,진안홍삼축제,850000000,0,850000000,10,10,진안홍삼축제2019,진안홍삼축제2019
진안홍삼축제,2022,4,29326,55999,6,85331,21332.75,20087,6.2,100435,-15104,34.37,65.63,0.01,-15.04,진안홍삼축제2022,전북,진안군,진안홍삼축제2022,진안홍삼축제2022,진안홍삼축제2022,2022,전북,진안홍삼축제,890389780,200000000,690389780,10,10,진안홍삼축제2022,진안홍삼축제2022
진안홍삼축제,2023,3,15717,30311,23,46051,15350.3333,21332.75,-28,85331,-39280,34.13,65.82,0.05,-46.03,진안홍삼축제2023,전북,진안군,진안홍삼축제2023,진안홍삼축제2023,진안홍삼축제2023,2023,전북,진안홍삼축제,999816770,215579584,784237186,9,9,진안홍삼축제2023,진안홍삼축제2023
진주유등축제,2018,14,377069,260803,763,638635,45616.7857,,,,638635,59.04,40.84,0.12,0,진주유등축제2018,경남,진주시,진주유등축제2018,진주유등축제2018,진주남강유등축제2018,2018,경남,진주남강유등축제,1832000000,20000000,1812000000,10,10,진주남강유등축제2018,진주남강유등축제2018
진주유등축제,2019,13,338899,242017,1302,582218,44786,45616.7857,-1.8,638635,-56417,58.21,41.57,0.22,-8.83,진주유등축제2019,경남,진주시,진주유등축제2019,진주유등축제2019,진주남강유등축제2019,2019,경남,진주남강유등축제,2499864208,99975000,2399889208,10,10,진주남강유등축제2019,진주남강유등축제2019
진주유등축제,2022,22,714686,406218,94,1120998,50954.4545,44786,13.8,582218,538780,63.75,36.24,0.01,92.54,진주유등축제2022,경남,진주시,진주유등축제2022,진주유등축제2022,진주남강유등축제2022,2022,경남,진주남강유등축제,2780000000,30000000,2750000000,10,10,진주남강유등축제2022,진주남강유등축제2022
진주유등축제,2023,15,409500,259942,542,669984,44665.6,50954.4545,-12.3,1120998,-451014,61.12,38.8,0.08,-40.23,진주유등축제2023,경남,진주시,진주유등축제2023,진주유등축제2023,진주남강유등축제2023,2023,경남,진주남강유등축제,2780000000,0,2780000000,10,10,진주남강유등축제2023,진주남강유등축제2023
천안흥타령축제,2018,5,141008,173032,1444,315484,63096.8,,,,315484,44.7,54.85,0.46,0,천안흥타령축제2018,충남,천안시,천안흥타령축제2018,천안흥타령축제2018,천안흥타령춤축제2018,2018,충남,천안흥타령춤축제,2547171521,400000000,2147171521,9,9,천안흥타령춤축제2018,천안흥타령춤축제2018
천안흥타령축제,2019,5,83362,49948,231,133541,26708.2,63096.8,-57.7,315484,-181943,62.42,37.4,0.17,-57.67,천안흥타령축제2019,충남,천안시,천안흥타령축제2019,천안흥타령축제2019,천안흥타령춤축제2019,2019,충남,천안흥타령춤축제,2537534464,350000000,2187534464,9,9,천안흥타령춤축제2019,천안흥타령춤축제2019
천안흥타령축제,2022,5,112893,75921,73,188887,37777.4,26708.2,41.4,133541,55346,59.77,40.19,0.04,41.44,천안흥타령축제2022,충남,천안시,천안흥타령축제2022,천안흥타령축제2022,천안흥타령춤축제2022,2022,충남,천안흥타령춤축제,2495703972,300000000,2195703972,9,9,천안흥타령춤축제2022,천안흥타령춤축제2022
천안흥타령축제,2023,5,106685,76898,411,183994,36798.8,37777.4,-2.6,188887,-4893,57.98,41.79,0.22,-2.59,천안흥타령축제2023,충남,천안시,천안흥타령축제2023,천안흥타령축제2023,천안흥타령춤축제2023,2023,충남,천안흥타령춤축제,2906180089,0,2906180089,10,10,천안흥타령춤축제2023,천안흥타령춤축제2023
청송사과축제,2018,4,28770,49876,54,78700,19675,,,,78700,36.56,63.37,0.07,0,청송사과축제2018,경북,청송군,청송사과축제2018,,,,,,,,,,,,
청송사과축제,2019,5,42731,70436,102,113269,22653.8,19675,15.1,78700,34569,37.73,62.18,0.09,43.93,청송사과축제2019,경북,청송군,청송사과축제2019,청송사과축제2019,청송사과축제2019,2019,경북,청송사과축제,610000000,0,610000000,10,11,청송사과축제2019,청송사과축제2019
청송사과축제,2022,5,51065,49028,1,100094,20018.8,22653.8,-11.6,113269,-13175,51.02,48.98,0,-11.63,청송사과축제2022,경북,청송군,청송사과축제2022,청송사과축제2022,청송사과축제2022,2022,경북,청송사과축제,839972590,0,839972590,11,11,청송사과축제2022,청송사과축제2022
청송사과축제,2023,5,49000,71646,22,120668,24133.6,20018.8,20.6,100094,20574,40.61,59.37,0.02,20.55,청송사과축제2023,경북,청송군,청송사과축제2023,청송사과축제2023,청송사과축제2023,2023,경북,청송사과축제,759995880,0,759995880,11,11,청송사과축제2023,청송사과축제2023
추억의충장축제,2018,3,70221,247882,275,318378,106126,,,,318378,22.06,77.86,0.09,0,추억의충장축제2018,광주,동구,추억의충장축제2018,추억의충장축제2018,추억의충장축제2018,2018,광주,추억의충장축제,1332130120,1010000000,322130120,1,12,추억의충장축제2018,추억의충장축제2018
추억의충장축제,2019,4,83828,296965,500,381293,95323.25,106126,-10.2,318378,62915,21.99,77.88,0.13,19.76,추억의충장축제2019,광주,동구,추억의충장축제2019,추억의충장축제2019,추억의충장축제2019,2019,광주,추억의충장축제,1435575,1170000,265575,10,10,추억의충장축제2019,추억의충장축제2019
추억의충장축제,2022,5,135397,301162,64,436623,87324.6,95323.25,-8.4,381293,55330,31.01,68.98,0.01,14.51,추억의충장축제2022,광주,동구,추억의충장축제2022,추억의충장축제2022,추억의충장축제2022,2022,광주,추억의충장축제,2932100062,2000000000,932100062,10,10,추억의충장축제2022,추억의충장축제2022
추억의충장축제,2023,5,142940,322490,373,465803,93160.6,87324.6,6.7,436623,29180,30.69,69.23,0.08,6.68,추억의충장축제2023,광주,동구,추억의충장축제2023,,,,,,,,,,,,
춘천마임축제,2018,8,159981,81311,320,241612,30201.5,,,,241612,66.21,33.65,0.13,0,춘천마임축제2018,강원,춘천시,춘천마임축제2018,춘천마임축제2018,춘천마임축제2018,2018,강원,춘천마임축제,603904212,103981690,499922522,5,5,춘천마임축제2018,춘천마임축제2018
춘천마임축제,2019,8,222199,106488,494,329181,41147.625,30201.5,36.2,241612,87569,67.5,32.35,0.15,36.24,춘천마임축제2019,강원,춘천시,춘천마임축제2019,춘천마임축제2019,춘천마임축제2019,2019,강원,춘천마임축제,719427440,119600000,599827440,5,6,춘천마임축제2019,춘천마임축제2019
춘천마임축제,2022,7,271117,118047,218,389382,55626,41147.625,35.2,329181,60201,69.63,30.32,0.06,18.29,춘천마임축제2022,강원,춘천시,춘천마임축제2022,춘천마임축제2022,춘천마임축제2022,2022,강원,춘천마임축제,621424029,0,621424029,5,5,춘천마임축제2022,춘천마임축제2022
춘천마임축제,2023,8,342704,139356,175,482235,60279.375,55626,8.4,389382,92853,71.07,28.9,0.04,23.85,춘천마임축제2023,강원,춘천시,춘천마임축제2023,춘천마임축제2023,춘천마임축제2023,2023,강원,춘천마임축제,637274368,45000000,592274368,5,6,춘천마임축제2023,춘천마임축제2023
탐라문화제,2018,5,58561,29402,3305,91268,18253.6,,,,91268,64.16,32.22,3.62,0,탐라문화제2018,제주,제주시,탐라문화제2018,탐라문화제2018,탐라문화제2018,2018,제주,탐라문화제,1199844430,0,1199844430,10,10,탐라문화제2018,탐라문화제2018
탐라문화제,2019,5,64070,34070,3056,101196,20239.2,18253.6,10.9,91268,9928,63.31,33.67,3.02,10.88,탐라문화제2019,제주,제주시,탐라문화제2019,탐라문화제2019,탐라문화제2019,2019,제주,탐라문화제,1275000000,0,1275000000,10,10,탐라문화제2019,탐라문화제2019
탐라문화제,2022,5,59157,38383,47,97587,19517.4,20239.2,-3.6,101196,-3609,60.62,39.33,0.05,-3.57,탐라문화제2022,제주,제주시,탐라문화제2022,탐라문화제2022,탐라문화제2022,2022,제주,탐라문화제,1515960050,0,1515960050,10,10,탐라문화제2022,탐라문화제2022
탐라문화제,2023,5,74290,45637,2185,122112,24422.4,19517.4,25.1,97587,24525,60.84,37.37,1.79,25.13,탐라문화제2023,제주,제주시,탐라문화제2023,탐라문화제2023,탐라문화제2023,2023,제주,탐라문화제,1474767280,0,1474767280,10,10,탐라문화제2023,탐라문화제2023
탐라입춘굿축제,2018,3,52203,18343,612,71158,23719.3333,,,,71158,73.36,25.78,0.86,0,탐라입춘굿축제2018,제주,제주시,탐라입춘굿축제2018,,,,,,,,,,,,
탐라입춘굿축제,2019,3,86746,34981,2646,124373,41457.6667,23719.3333,74.8,71158,53215,69.75,28.13,2.13,74.78,탐라입춘굿축제2019,제주,제주시,탐라입춘굿축제2019,,,,,,,,,,,,
탐라입춘굿축제,2023,3,59955,30104,12,90071,30023.6667,41457.6667,-27.6,124373,-34302,66.56,33.42,0.01,-27.58,탐라입춘굿축제2023,제주,제주시,탐라입춘굿축제2023,,,,,,,,,,,,
태백산눈축제,2018,24,113341,197023,303,310667,12944.4583,,,,310667,36.48,63.42,0.1,0,태백산눈축제2018,강원,태백시,태백산눈축제2018,태백산눈축제2018,태백산눈축제2018,2018,강원,태백산눈축제,1277949000,108500000,1169449000,1,2,태백산눈축제2018,태백산눈축제2018
태백산눈축제,2019,17,85894,155777,198,241869,14227.5882,12944.4583,9.9,310667,-68798,35.51,64.41,0.08,-22.15,태백산눈축제2019,강원,태백시,태백산눈축제2019,태백산눈축제2019,태백산눈축제2019,2019,강원,태백산눈축제,1272739000,50000000,1222739000,1,2,태백산눈축제2019,태백산눈축제2019
태백산눈축제,2023,5,25413,59809,12,85234,17046.8,14227.5882,19.8,241869,-156635,29.82,70.17,0.01,-64.76,태백산눈축제2023,강원,태백시,태백산눈축제2023,,,,,,,,,,,,
통영한산대첩축제,2018,5,50971,49962,85,101018,20203.6,,,,101018,50.46,49.46,0.08,0,통영한산대첩축제2018,경남,통영시,통영한산대첩축제2018,통영한산대첩축제2018,통영한산대첩축제2018,2018,경남,통영한산대첩축제,1114367512,0,1114367512,8,8,통영한산대첩축제2018,통영한산대첩축제2018
통영한산대첩축제,2019,5,33529,29809,119,63457,12691.4,20203.6,-37.2,101018,-37561,52.84,46.98,0.19,-37.18,통영한산대첩축제2019,경남,통영시,통영한산대첩축제2019,통영한산대첩축제2019,통영한산대첩축제2019,2019,경남,통영한산대첩축제,1209000000,0,1209000000,8,8,통영한산대첩축제2019,통영한산대첩축제2019
통영한산대첩축제,2022,9,63027,68031,9,131067,14563,12691.4,14.7,63457,67610,48.09,51.91,0.01,106.54,통영한산대첩축제2022,경남,통영시,통영한산대첩축제2022,통영한산대첩축제2022,통영한산대첩축제2022,2022,경남,통영한산대첩축제,1019521140,0,1019521140,8,8,통영한산대첩축제2022,통영한산대첩축제2022
통영한산대첩축제,2023,9,57810,47444,27,105281,11697.8889,14563,-19.7,131067,-25786,54.91,45.06,0.03,-19.67,통영한산대첩축제2023,경남,통영시,통영한산대첩축제2023,,,,,,,,,,,,
평창송어축제,2019,37,182175,335266,5540,522981,14134.6216,,,,522981,34.83,64.11,1.06,0,평창송어축제2019,강원,평창군,평창송어축제2019,평창송어축제2019,평창송어축제2019,2019,강원,평창송어축제,140000000,91000000,49000000,12,2,평창송어축제2019,평창송어축제2019
평창송어축제,2023,31,190819,268296,246,459361,14818.0968,14134.6216,4.8,522981,-63620,41.54,58.41,0.05,-12.16,평창송어축제2023,강원,평창군,평창송어축제2023,,,,,,,,,,,,
평창효석문화제,2018,9,48492,173348,502,222342,24704.6667,,,,222342,21.81,77.96,0.23,0,평창효석문화제2018,강원,평창군,평창효석문화제2018,평창효석문화제2018,평창효석문화제2018,2018,강원,평창효석문화제,883000000,260000000,623000000,9,9,평창효석문화제2018,평창효석문화제2018
평창효석문화제,2019,9,40734,152866,342,193942,21549.1111,24704.6667,-12.8,222342,-28400,21,78.82,0.18,-12.77,평창효석문화제2019,강원,평창군,평창효석문화제2019,평창효석문화제2019,평창효석문화제2019,2019,강원,평창효석문화제,696400000,119600000,576800000,9,9,평창효석문화제2019,평창효석문화제2019
평창효석문화제,2023,10,66107,155046,292,221445,22144.5,21549.1111,2.8,193942,27503,29.85,70.02,0.13,14.18,평창효석문화제2023,강원,평창군,평창효석문화제2023,,,,,,,,,,,,
포항국제불빛축제,2018,5,133265,127847,792,261904,52380.8,,,,261904,50.88,48.81,0.3,0,포항국제불빛축제2018,경북,포항시,포항국제불빛축제2018,포항국제불빛축제2018,국제불빛축제2018,2018,경북,국제불빛축제,800000000,60000000,740000000,7,7,국제불빛축제2018,국제불빛축제2018
포항국제불빛축제,2019,3,64250,84721,165,149136,49712,52380.8,-5.1,261904,-112768,43.08,56.81,0.11,-43.06,포항국제불빛축제2019,경북,포항시,포항국제불빛축제2019,포항국제불빛축제2019,국제불빛축제2019,2019,경북,국제불빛축제,940000000,140000000,800000000,5,6,국제불빛축제2019,국제불빛축제2019
포항국제불빛축제,2023,3,73874,126858,36,200768,66922.6667,49712,34.6,149136,51632,36.8,63.19,0.02,34.62,포항국제불빛축제2023,경북,포항시,포항국제불빛축제2023,,,,,,,,,,,,
하동야생차문화축제,2018,4,8621,39801,83,48505,12126.25,,,,48505,17.77,82.06,0.17,0,하동야생차문화축제2018,경남,하동군,하동야생차문화축제2018,하동야생차문화축제2018,하동야생차문화축제2018,2018,경남,하동야생차문화축제,525000000,0,525000000,5,5,하동야생차문화축제2018,하동야생차문화축제2018
하동야생차문화축제,2019,4,10381,31010,93,41484,10371,12126.25,-14.5,48505,-7021,25.02,74.75,0.22,-14.47,하동야생차문화축제2019,경남,하동군,하동야생차문화축제2019,하동야생차문화축제2019,하동야생차문화축제2019,2019,경남,하동야생차문화축제,701687000,0,701687000,5,5,하동야생차문화축제2019,하동야생차문화축제2019
하동야생차문화축제,2022,5,13412,51927,2,65341,13068.2,10371,26,41484,23857,20.53,79.47,0,57.51,하동야생차문화축제2022,경남,하동군,하동야생차문화축제2022,하동야생차문화축제2022,하동야생차문화축제2022,2022,경남,하동야생차문화축제,618091890,0,618091890,5,5,하동야생차문화축제2022,하동야생차문화축제2022
한산모시문화제,2018,4,20801,19163,15,39979,9994.75,,,,39979,52.03,47.93,0.04,0,한산모시문화제2018,충남,서천군,한산모시문화제2018,한산모시문화제2018,한산모시문화제2018,2018,충남,한산모시문화제,1082710030,170000000,912710030,6,6,한산모시문화제2018,한산모시문화제2018
한산모시문화제,2019,4,19404,18231,55,37690,9422.5,9994.75,-5.7,39979,-2289,51.48,48.37,0.15,-5.73,한산모시문화제2019,충남,서천군,한산모시문화제2019,한산모시문화제2019,한산모시문화제2019,2019,충남,한산모시문화제,1193000000,110000000,1083000000,6,6,한산모시문화제2019,한산모시문화제2019
한산모시문화제,2022,3,21062,17472,4,38538,12846,9422.5,36.3,37690,848,54.65,45.34,0.01,2.25,한산모시문화제2022,충남,서천군,한산모시문화제2022,한산모시문화제2022,한산모시문화제2022,2022,충남,한산모시문화제,1461548430,45000000,1416548430,6,6,한산모시문화제2022,한산모시문화제2022
한산모시문화제,2023,3,14713,15316,1,30030,10010,12846,-22.1,38538,-8508,48.99,51,0,-22.08,한산모시문화제2023,충남,서천군,한산모시문화제2023,한산모시문화제2023,한산모시문화제2023,2023,충남,한산모시문화제,831449000,0,831449000,6,6,한산모시문화제2023,한산모시문화제2023
한성백제문화제,2018,3,47308,64216,1960,113484,37828,,,,113484,41.69,56.59,1.73,0,한성백제문화제2018,서울,송파구,한성백제문화제2018,한성백제문화제2018,한성백제문화제2018,2018,서울,한성백제문화제,484827810,0,484827810,10,10,한성백제문화제2018,한성백제문화제2018
한성백제문화제,2019,3,42456,71618,610,114684,38228,37828,1.1,113484,1200,37.02,62.45,0.53,1.06,한성백제문화제2019,서울,송파구,한성백제문화제2019,한성백제문화제2019,한성백제문화제2019,2019,서울,한성백제문화제,695733550,220000000,475733550,9,9,한성백제문화제2019,한성백제문화제2019
한성백제문화제,2022,3,43820,109174,128,153122,51040.6667,38228,33.5,114684,38438,28.62,71.3,0.08,33.52,한성백제문화제2022,서울,송파구,한성백제문화제2022,한성백제문화제2022,한성백제문화제2022,2022,서울,한성백제문화제,1310823320,220000000,1090823320,9,10,한성백제문화제2022,한성백제문화제2022
한성백제문화제,2023,3,62333,114060,629,177022,59007.3333,51040.6667,15.6,153122,23900,35.21,64.43,0.36,15.61,한성백제문화제2023,서울,송파구,한성백제문화제2023,한성백제문화제2023,한성백제문화제2023,2023,서울,한성백제문화제,1256519000,85000000,1171519000,9,9,한성백제문화제2023,한성백제문화제2023
함평나비축제,2018,11,66910,181706,61,248677,22607,,,,248677,26.91,73.07,0.02,0,함평나비축제2018,전남,함평군,함평나비축제2018,함평나비축제2018,함평나비대축제2018,2018,전남,함평나비대축제,977834000,799637000,178197000,4,5,함평나비대축제2018,함평나비대축제2018
함평나비축제,2019,11,63151,218551,89,281791,25617.3636,22607,13.3,248677,33114,22.41,77.56,0.03,13.32,함평나비축제2019,전남,함평군,함평나비축제2019,함평나비축제2019,함평나비대축제2019,2019,전남,함평나비대축제,890901000,954698000,-63797000,4,5,함평나비대축제2019,함평나비대축제2019
함평나비축제,2022,10,68659,180040,3,248702,24870.2,25617.3636,-2.9,281791,-33089,27.61,72.39,0,-11.74,함평나비축제2022,전남,함평군,함평나비축제2022,함평나비축제2022,함평나비대축제2022,2022,전남,함평나비대축제,951548780,0,951548780,4,5,함평나비대축제2022,함평나비대축제2022
함평나비축제,2023,10,82511,181852,42,264405,26440.5,24870.2,6.3,248702,15703,31.21,68.78,0.02,6.31,함평나비축제2023,전남,함평군,함평나비축제2023,함평나비축제2023,함평나비대축제2023,2023,전남,함평나비대축제,1285900000,0,1285900000,4,5,함평나비대축제2023,함평나비대축제2023
화성뱃놀이축제,2018,9,82569,158957,574,242100,26900,,,,242100,34.11,65.66,0.24,0,화성뱃놀이축제2018,경기,화성시,화성뱃놀이축제2018,화성뱃놀이축제2018,화성뱃놀이축제2018,2018,경기,화성뱃놀이축제,1958143740,0,1958143740,5,6,화성뱃놀이축제2018,화성뱃놀이축제2018
화성뱃놀이축제,2019,5,42654,90590,295,133539,26707.8,26900,-0.7,242100,-108561,31.94,67.84,0.22,-44.84,화성뱃놀이축제2019,경기,화성시,화성뱃놀이축제2019,화성뱃놀이축제2019,화성뱃놀이축제2019,2019,경기,화성뱃놀이축제,2196916980,168348670,2028568310,6,6,화성뱃놀이축제2019,화성뱃놀이축제2019
화성뱃놀이축제,2022,3,42599,78960,26,121585,40528.3333,26707.8,51.7,133539,-11954,35.04,64.94,0.02,-8.95,화성뱃놀이축제2022,경기,화성시,화성뱃놀이축제2022,화성뱃놀이축제2022,화성뱃놀이축제2022,2022,경기,화성뱃놀이축제,1585820939,0,1585820939,9,9,화성뱃놀이축제2022,화성뱃놀이축제2022
화성뱃놀이축제,2023,3,46792,78035,88,124915,41638.3333,40528.3333,2.7,121585,3330,37.46,62.47,0.07,2.74,화성뱃놀이축제2023,경기,화성시,화성뱃놀이축제2023,,,,,,,,,,,,
화천산천어축제,2018,23,130109,286548,4792,421449,18323.8696,,,,421449,30.87,67.99,1.14,0,화천산천어축제2018,강원,화천군,화천산천어축제2018,화천산천어축제2018,얼음나라 화천 산천어 축제2018,2018,강원,얼음나라 화천 산천어 축제,5147216936,0,5147216936,1,1,얼음나라 화천 산천어 축제2018,얼음나라화천산천어축제2018
화천산천어축제,2019,23,149831,315088,15023,479942,20867.0435,18323.8696,13.9,421449,58493,31.22,65.65,3.13,13.88,화천산천어축제2019,강원,화천군,화천산천어축제2019,화천산천어축제2019,얼음나라 화천 산천어 축제2019,2019,강원,얼음나라 화천 산천어 축제,5268486000,3053558000,2214928000,1,1,얼음나라 화천 산천어 축제2019,얼음나라화천산천어축제2019
화천산천어축제,2023,23,215883,289568,312,505763,21989.6957,20867.0435,5.4,479942,25821,42.68,57.25,0.06,5.38,화천산천어축제2023,강원,화천군,화천산천어축제2023,화천산천어축제2023,얼음나라화천 산천어축제2023,2023,강원,얼음나라화천 산천어축제,3261309262,0,3261309262,1,1,얼음나라화천 산천어축제2023,얼음나라화천산천어축제2023
횡성한우축제,2018,5,74833,102837,175,177845,35569,,,,177845,42.08,57.82,0.1,0,횡성한우축제2018,강원,횡성군,횡성한우축제2018,횡성한우축제2018,횡성한우축제2018,2018,강원,횡성한우축제,2029171000,40000000,1989171000,10,10,횡성한우축제2018,횡성한우축제2018
횡성한우축제,2019,5,69440,103929,1748,175117,35023.4,35569,-1.5,177845,-2728,39.65,59.35,1,-1.53,횡성한우축제2019,강원,횡성군,횡성한우축제2019,횡성한우축제2019,횡성한우축제2019,2019,강원,횡성한우축제,2134683980,0,2134683980,10,10,횡성한우축제2019,횡성한우축제2019
횡성한우축제,2022,5,92932,105690,16,198638,39727.6,35023.4,13.4,175117,23521,46.78,53.21,0.01,13.43,횡성한우축제2022,강원,횡성군,횡성한우축제2022,,,,,,,,,,,,
횡성한우축제,2023,5,90823,93957,54,184834,36966.8,39727.6,-6.9,198638,-13804,49.14,50.83,0.03,-6.95,횡성한우축제2023,강원,횡성군,횡성한우축제2023,,,,,,,,,,,,
